# Blender v3.0.1 OBJ File: ''
# www.blender.org
o frame_upright_Cube.001
v -1.214500 -0.964500 0.000000
v -1.214500 -0.972500 0.008000
v -1.222500 -0.964500 0.008000
v -1.214500 -0.970157 0.002343
v -1.219119 -0.969119 0.003381
v -1.220157 -0.970157 0.008000
v -1.220157 -0.964500 0.002343
v -1.214500 -0.972500 1.392000
v -1.214500 -0.964500 1.400000
v -1.222500 -0.964500 1.392000
v -1.214500 -0.970157 1.397657
v -1.219119 -0.969119 1.396619
v -1.220157 -0.964500 1.397657
v -1.220157 -0.970157 1.392000
v -1.214500 -0.935500 0.000000
v -1.222500 -0.935500 0.008000
v -1.214500 -0.927500 0.008000
v -1.220157 -0.935500 0.002343
v -1.219119 -0.930881 0.003381
v -1.220157 -0.929843 0.008000
v -1.214500 -0.929843 0.002343
v -1.214500 -0.935500 1.400000
v -1.214500 -0.927500 1.392000
v -1.222500 -0.935500 1.392000
v -1.214500 -0.929843 1.397657
v -1.219119 -0.930881 1.396619
v -1.220157 -0.929843 1.392000
v -1.220157 -0.935500 1.397657
v -1.185500 -0.964500 0.000000
v -1.177500 -0.964500 0.008000
v -1.185500 -0.972500 0.008000
v -1.179843 -0.964500 0.002343
v -1.180881 -0.969119 0.003381
v -1.179843 -0.970157 0.008000
v -1.185500 -0.970157 0.002343
v -1.185500 -0.964500 1.400000
v -1.185500 -0.972500 1.392000
v -1.177500 -0.964500 1.392000
v -1.185500 -0.970157 1.397657
v -1.180881 -0.969119 1.396619
v -1.179843 -0.970157 1.392000
v -1.179843 -0.964500 1.397657
v -1.185500 -0.935500 0.000000
v -1.185500 -0.927500 0.008000
v -1.177500 -0.935500 0.008000
v -1.185500 -0.929843 0.002343
v -1.180881 -0.930881 0.003381
v -1.179843 -0.929843 0.008000
v -1.179843 -0.935500 0.002343
v -1.185500 -0.935500 1.400000
v -1.177500 -0.935500 1.392000
v -1.185500 -0.927500 1.392000
v -1.179843 -0.935500 1.397657
v -1.180881 -0.930881 1.396619
v -1.179843 -0.929843 1.392000
v -1.185500 -0.929843 1.397657
vt 0.376429 0.794444
vt 0.623571 0.794445
vt 0.623571 0.955555
vt 0.376429 0.955556
vt 0.376429 0.544444
vt 0.623571 0.544444
vt 0.623571 0.705556
vt 0.376429 0.705556
vt 0.669444 0.544444
vt 0.830556 0.544444
vt 0.830555 0.705556
vt 0.669444 0.705556
vt 0.376429 0.044444
vt 0.623571 0.044444
vt 0.623571 0.205556
vt 0.376429 0.205556
vt 0.376429 0.294444
vt 0.623571 0.294444
vt 0.623571 0.455556
vt 0.376429 0.455556
vt 0.169444 0.705556
vt 0.169444 0.750000
vt 0.143784 0.750000
vt 0.125000 0.705555
vt 0.376429 1.000000
vt 0.375604 1.000000
vt 0.375000 0.955556
vt 0.375000 0.044444
vt 0.375000 0.018784
vt 0.376429 0.000000
vt 0.625000 0.955556
vt 0.625000 0.981216
vt 0.623571 1.000000
vt 0.875000 0.705556
vt 0.875000 0.731216
vt 0.830556 0.750000
vt 0.623571 0.000000
vt 0.624396 0.000000
vt 0.625000 0.044444
vt 0.169444 0.544444
vt 0.125000 0.544444
vt 0.125000 0.518784
vt 0.169444 0.500000
vt 0.376429 0.250000
vt 0.375604 0.250000
vt 0.375000 0.205556
vt 0.375000 0.294444
vt 0.375000 0.268784
vt 0.830556 0.500000
vt 0.856216 0.500000
vt 0.875000 0.544444
vt 0.623571 0.250000
vt 0.624396 0.250000
vt 0.625000 0.294444
vt 0.625000 0.205556
vt 0.625000 0.231216
vt 0.330556 0.705556
vt 0.375000 0.705556
vt 0.375201 0.750000
vt 0.330556 0.750000
vt 0.376429 0.750000
vt 0.375000 0.794444
vt 0.669444 0.750000
vt 0.631060 0.743739
vt 0.625000 0.705555
vt 0.623571 0.750000
vt 0.625000 0.794444
vt 0.330556 0.544444
vt 0.330556 0.500000
vt 0.368940 0.506261
vt 0.375000 0.544444
vt 0.376429 0.500000
vt 0.375000 0.455556
vt 0.625000 0.544444
vt 0.624799 0.500000
vt 0.669444 0.500000
vt 0.623571 0.500000
vt 0.625000 0.455556
vn 0.0000 -1.0000 0.0000
vn 1.0000 0.0000 0.0000
vn 0.0000 0.0000 1.0000
vn -1.0000 0.0000 0.0000
vn 0.0000 1.0000 0.0000
vn -0.3251 -0.3251 -0.8881
vn -0.3251 -0.8881 -0.3251
vn -0.8881 -0.3251 -0.3251
vn -0.3251 -0.8881 0.3251
vn -0.3251 -0.3251 0.8881
vn -0.8881 -0.3251 0.3251
vn -0.3251 0.3251 -0.8881
vn -0.8881 0.3251 -0.3251
vn -0.3251 0.8881 -0.3251
vn -0.3251 0.3251 0.8881
vn -0.3251 0.8881 0.3251
vn -0.8881 0.3251 0.3251
vn 0.3251 -0.3251 -0.8881
vn 0.8881 -0.3251 -0.3251
vn 0.3251 -0.8881 -0.3250
vn 0.3251 -0.3251 0.8881
vn 0.3251 -0.8881 0.3251
vn 0.8881 -0.3251 0.3251
vn 0.3251 0.3251 -0.8881
vn 0.3251 0.8881 -0.3251
vn 0.8881 0.3251 -0.3251
vn 0.3251 0.3251 0.8881
vn 0.8881 0.3251 0.3251
vn 0.3251 0.8881 0.3251
vn -0.3827 0.0000 -0.9239
vn -0.9239 0.0000 -0.3827
vn -0.3827 -0.9239 0.0000
vn -0.9239 -0.3827 0.0000
vn -0.3827 0.0000 0.9239
vn -0.9239 0.0000 0.3827
vn -0.3827 0.9239 0.0000
vn -0.9239 0.3827 0.0000
vn 0.0000 0.3827 -0.9239
vn 0.0000 0.9239 -0.3827
vn 0.0000 0.3827 0.9239
vn 0.0000 0.9239 0.3827
vn 0.9239 0.3827 0.0000
vn 0.3827 0.9239 0.0000
vn 0.3827 0.0000 -0.9239
vn 0.9239 0.0000 -0.3827
vn 0.3827 0.0000 0.9239
vn 0.9239 0.0000 0.3827
vn 0.3827 -0.9239 0.0000
vn 0.9239 -0.3827 0.0000
vn 0.0000 -0.3827 -0.9239
vn 0.0000 -0.9239 -0.3827
vn 0.0000 -0.3827 0.9239
vn 0.0000 -0.9239 0.3827
vn 0.0000 0.0000 -1.0000
s off
f 31/1/1 37/2/1 8/3/1 2/4/1
f 45/5/2 51/6/2 38/7/2 30/8/2
f 50/9/3 22/10/3 9/11/3 36/12/3
f 3/13/4 10/14/4 24/15/4 16/16/4
f 17/17/5 23/18/5 52/19/5 44/20/5
f 1/21/6 4/22/6 5/23/6 7/24/6
f 2/4/7 6/25/7 5/26/7 4/27/7
f 3/13/8 7/28/8 5/29/8 6/30/8
f 8/3/9 11/31/9 12/32/9 14/33/9
f 9/11/10 13/34/10 12/35/10 11/36/10
f 10/14/11 14/37/11 12/38/11 13/39/11
f 15/40/12 18/41/12 19/42/12 21/43/12
f 16/16/13 20/44/13 19/45/13 18/46/13
f 17/17/14 21/47/14 19/48/14 20/44/14
f 22/10/15 25/49/15 26/50/15 28/51/15
f 23/18/16 27/52/16 26/53/16 25/54/16
f 24/15/17 28/55/17 26/56/17 27/52/17
f 29/57/18 32/58/18 33/59/18 35/60/18
f 30/8/19 34/61/19 33/59/19 32/58/19
f 31/1/20 35/62/20 33/59/20 34/61/20
f 36/12/21 39/63/21 40/64/21 42/65/21
f 37/2/22 41/66/22 40/64/22 39/67/22
f 38/7/23 42/65/23 40/64/23 41/66/23
f 43/68/24 46/69/24 47/70/24 49/71/24
f 44/20/25 48/72/25 47/70/25 46/73/25
f 45/5/26 49/71/26 47/70/26 48/72/26
f 50/9/27 53/74/27 54/75/27 56/76/27
f 51/6/28 55/77/28 54/75/28 53/74/28
f 52/19/29 56/78/29 54/75/29 55/77/29
f 15/40/30 1/21/30 7/24/30 18/41/30
f 18/46/31 7/28/31 3/13/31 16/16/31
f 2/4/32 8/3/32 14/33/32 6/25/32
f 6/30/33 14/37/33 10/14/33 3/13/33
f 9/11/34 22/10/34 28/51/34 13/34/34
f 13/39/35 28/55/35 24/15/35 10/14/35
f 23/18/36 17/17/36 20/44/36 27/52/36
f 27/52/37 20/44/37 16/16/37 24/15/37
f 43/68/38 15/40/38 21/43/38 46/69/38
f 46/73/39 21/47/39 17/17/39 44/20/39
f 22/10/40 50/9/40 56/76/40 25/49/40
f 25/54/41 56/78/41 52/19/41 23/18/41
f 51/6/42 45/5/42 48/72/42 55/77/42
f 55/77/43 48/72/43 44/20/43 52/19/43
f 29/57/44 43/68/44 49/71/44 32/58/44
f 32/58/45 49/71/45 45/5/45 30/8/45
f 50/9/46 36/12/46 42/65/46 53/74/46
f 53/74/47 42/65/47 38/7/47 51/6/47
f 37/2/48 31/1/48 34/61/48 41/66/48
f 41/66/49 34/61/49 30/8/49 38/7/49
f 1/21/50 29/57/50 35/60/50 4/22/50
f 4/27/51 35/62/51 31/1/51 2/4/51
f 36/12/52 9/11/52 11/36/52 39/63/52
f 39/67/53 11/31/53 8/3/53 37/2/53
f 15/40/54 43/68/54 29/57/54 1/21/54
o anchor_foot.001_Cube.002
v -1.282000 -1.022000 0.000000
v -1.282000 -1.030000 0.008000
v -1.290000 -1.022000 0.008000
v -1.282000 -1.027657 0.002343
v -1.286619 -1.026619 0.003381
v -1.287657 -1.027657 0.008000
v -1.287657 -1.022000 0.002343
v -1.282000 -1.030000 0.042000
v -1.282000 -1.022000 0.050000
v -1.290000 -1.022000 0.042000
v -1.282000 -1.027657 0.047657
v -1.286619 -1.026619 0.046619
v -1.287657 -1.022000 0.047657
v -1.287657 -1.027657 0.042000
v -1.282000 -0.878000 0.000000
v -1.290000 -0.878000 0.008000
v -1.282000 -0.870000 0.008000
v -1.287657 -0.878000 0.002343
v -1.286619 -0.873381 0.003381
v -1.287657 -0.872343 0.008000
v -1.282000 -0.872343 0.002343
v -1.282000 -0.878000 0.050000
v -1.282000 -0.870000 0.042000
v -1.290000 -0.878000 0.042000
v -1.282000 -0.872343 0.047657
v -1.286619 -0.873381 0.046619
v -1.287657 -0.872343 0.042000
v -1.287657 -0.878000 0.047657
v -1.118000 -1.022000 0.000000
v -1.110000 -1.022000 0.008000
v -1.118000 -1.030000 0.008000
v -1.112343 -1.022000 0.002343
v -1.113381 -1.026619 0.003381
v -1.112343 -1.027657 0.008000
v -1.118000 -1.027657 0.002343
v -1.118000 -1.022000 0.050000
v -1.118000 -1.030000 0.042000
v -1.110000 -1.022000 0.042000
v -1.118000 -1.027657 0.047657
v -1.113381 -1.026619 0.046619
v -1.112343 -1.027657 0.042000
v -1.112343 -1.022000 0.047657
v -1.118000 -0.878000 0.000000
v -1.118000 -0.870000 0.008000
v -1.110000 -0.878000 0.008000
v -1.118000 -0.872343 0.002343
v -1.113381 -0.873381 0.003381
v -1.112343 -0.872343 0.008000
v -1.112343 -0.878000 0.002343
v -1.118000 -0.878000 0.050000
v -1.110000 -0.878000 0.042000
v -1.118000 -0.870000 0.042000
v -1.112343 -0.878000 0.047657
v -1.113381 -0.873381 0.046619
v -1.112343 -0.872343 0.042000
v -1.118000 -0.872343 0.047657
vt 0.415000 0.761111
vt 0.585000 0.761111
vt 0.585000 0.988889
vt 0.415000 0.988889
vt 0.415000 0.512500
vt 0.585000 0.512500
vt 0.585000 0.737500
vt 0.415000 0.737500
vt 0.636111 0.512500
vt 0.863889 0.512500
vt 0.863889 0.737500
vt 0.636111 0.737500
vt 0.415000 0.012500
vt 0.585000 0.012500
vt 0.585000 0.237500
vt 0.415000 0.237500
vt 0.415000 0.261111
vt 0.585000 0.261111
vt 0.585000 0.488889
vt 0.415000 0.488889
vt 0.136111 0.737500
vt 0.136111 0.750000
vt 0.129696 0.750000
vt 0.125000 0.737500
vt 0.415000 1.000000
vt 0.391906 1.000000
vt 0.375000 0.988889
vt 0.375000 0.012500
vt 0.375000 0.005283
vt 0.415000 0.000000
vt 0.625000 0.988889
vt 0.625000 0.995304
vt 0.585000 1.000000
vt 0.875000 0.737500
vt 0.875000 0.744717
vt 0.863889 0.750000
vt 0.585000 0.000000
vt 0.608094 0.000000
vt 0.625000 0.012500
vt 0.136111 0.512500
vt 0.125000 0.512500
vt 0.125000 0.505283
vt 0.136111 0.500000
vt 0.415000 0.250000
vt 0.391906 0.250000
vt 0.375000 0.237500
vt 0.375000 0.261111
vt 0.375000 0.254696
vt 0.863889 0.500000
vt 0.870304 0.500000
vt 0.875000 0.512500
vt 0.585000 0.250000
vt 0.608094 0.250000
vt 0.625000 0.261111
vt 0.625000 0.237500
vt 0.625000 0.244717
vt 0.363889 0.737500
vt 0.375000 0.737500
vt 0.380635 0.749804
vt 0.363889 0.750000
vt 0.415000 0.750000
vt 0.375000 0.761111
vt 0.636111 0.750000
vt 0.620930 0.748239
vt 0.625000 0.737500
vt 0.585000 0.750000
vt 0.625000 0.761111
vt 0.363889 0.512500
vt 0.363889 0.500000
vt 0.379070 0.501761
vt 0.375000 0.512500
vt 0.415000 0.500000
vt 0.375000 0.488889
vt 0.625000 0.512500
vt 0.619365 0.500196
vt 0.636111 0.500000
vt 0.585000 0.500000
vt 0.625000 0.488889
vn 0.0000 -1.0000 0.0000
vn 1.0000 0.0000 0.0000
vn 0.0000 0.0000 1.0000
vn -1.0000 0.0000 0.0000
vn 0.0000 1.0000 0.0000
vn -0.3251 -0.3251 -0.8881
vn -0.3251 -0.8881 -0.3251
vn -0.8881 -0.3251 -0.3251
vn -0.3251 -0.8881 0.3251
vn -0.3251 -0.3251 0.8881
vn -0.8881 -0.3251 0.3251
vn -0.3251 0.3251 -0.8881
vn -0.8881 0.3251 -0.3251
vn -0.3251 0.8881 -0.3250
vn -0.3251 0.3251 0.8881
vn -0.3251 0.8881 0.3250
vn -0.8881 0.3251 0.3251
vn 0.3251 -0.3251 -0.8881
vn 0.8881 -0.3251 -0.3251
vn 0.3251 -0.8881 -0.3251
vn 0.3251 -0.3251 0.8881
vn 0.3251 -0.8881 0.3251
vn 0.8881 -0.3251 0.3251
vn 0.3251 0.3251 -0.8881
vn 0.3251 0.8881 -0.3250
vn 0.8881 0.3251 -0.3251
vn 0.3251 0.3251 0.8881
vn 0.8881 0.3251 0.3251
vn 0.3251 0.8881 0.3250
vn -0.3827 0.0000 -0.9239
vn -0.9239 0.0000 -0.3827
vn -0.3827 -0.9239 0.0000
vn -0.9239 -0.3827 0.0000
vn -0.3827 0.0000 0.9239
vn -0.9239 0.0000 0.3827
vn -0.3827 0.9239 0.0000
vn -0.9239 0.3827 0.0000
vn 0.0000 0.3827 -0.9239
vn 0.0000 0.9239 -0.3827
vn 0.0000 0.3827 0.9239
vn 0.0000 0.9239 0.3827
vn 0.9239 0.3827 0.0000
vn 0.3827 0.9239 0.0000
vn 0.3827 0.0000 -0.9239
vn 0.9239 0.0000 -0.3827
vn 0.3827 0.0000 0.9239
vn 0.9239 0.0000 0.3827
vn 0.3827 -0.9239 0.0000
vn 0.9239 -0.3827 0.0000
vn 0.0000 -0.3827 -0.9239
vn 0.0000 -0.9239 -0.3827
vn 0.0000 -0.3827 0.9239
vn 0.0000 -0.9239 0.3827
vn 0.0000 0.0000 -1.0000
s off
f 87/79/55 93/80/55 64/81/55 58/82/55
f 101/83/56 107/84/56 94/85/56 86/86/56
f 106/87/57 78/88/57 65/89/57 92/90/57
f 59/91/58 66/92/58 80/93/58 72/94/58
f 73/95/59 79/96/59 108/97/59 100/98/59
f 57/99/60 60/100/60 61/101/60 63/102/60
f 58/82/61 62/103/61 61/104/61 60/105/61
f 59/91/62 63/106/62 61/107/62 62/108/62
f 64/81/63 67/109/63 68/110/63 70/111/63
f 65/89/64 69/112/64 68/113/64 67/114/64
f 66/92/65 70/115/65 68/116/65 69/117/65
f 71/118/66 74/119/66 75/120/66 77/121/66
f 72/94/67 76/122/67 75/123/67 74/124/67
f 73/95/68 77/125/68 75/126/68 76/122/68
f 78/88/69 81/127/69 82/128/69 84/129/69
f 79/96/70 83/130/70 82/131/70 81/132/70
f 80/93/71 84/133/71 82/134/71 83/130/71
f 85/135/72 88/136/72 89/137/72 91/138/72
f 86/86/73 90/139/73 89/137/73 88/136/73
f 87/79/74 91/140/74 89/137/74 90/139/74
f 92/90/75 95/141/75 96/142/75 98/143/75
f 93/80/76 97/144/76 96/142/76 95/145/76
f 94/85/77 98/143/77 96/142/77 97/144/77
f 99/146/78 102/147/78 103/148/78 105/149/78
f 100/98/79 104/150/79 103/148/79 102/151/79
f 101/83/80 105/149/80 103/148/80 104/150/80
f 106/87/81 109/152/81 110/153/81 112/154/81
f 107/84/82 111/155/82 110/153/82 109/152/82
f 108/97/83 112/156/83 110/153/83 111/155/83
f 71/118/84 57/99/84 63/102/84 74/119/84
f 74/124/85 63/106/85 59/91/85 72/94/85
f 58/82/86 64/81/86 70/111/86 62/103/86
f 62/108/87 70/115/87 66/92/87 59/91/87
f 65/89/88 78/88/88 84/129/88 69/112/88
f 69/117/89 84/133/89 80/93/89 66/92/89
f 79/96/90 73/95/90 76/122/90 83/130/90
f 83/130/91 76/122/91 72/94/91 80/93/91
f 99/146/92 71/118/92 77/121/92 102/147/92
f 102/151/93 77/125/93 73/95/93 100/98/93
f 78/88/94 106/87/94 112/154/94 81/127/94
f 81/132/95 112/156/95 108/97/95 79/96/95
f 107/84/96 101/83/96 104/150/96 111/155/96
f 111/155/97 104/150/97 100/98/97 108/97/97
f 85/135/98 99/146/98 105/149/98 88/136/98
f 88/136/99 105/149/99 101/83/99 86/86/99
f 106/87/100 92/90/100 98/143/100 109/152/100
f 109/152/101 98/143/101 94/85/101 107/84/101
f 93/80/102 87/79/102 90/139/102 97/144/102
f 97/144/103 90/139/103 86/86/103 94/85/103
f 57/99/104 85/135/104 91/138/104 60/100/104
f 60/105/105 91/140/105 87/79/105 58/82/105
f 92/90/106 65/89/106 67/114/106 95/141/106
f 95/145/107 67/109/107 64/81/107 93/80/107
f 71/118/108 99/146/108 85/135/108 57/99/108
o frame_upright.001_Cube.003
v -1.214500 0.935500 0.000000
v -1.214500 0.927500 0.008000
v -1.222500 0.935500 0.008000
v -1.214500 0.929843 0.002343
v -1.219119 0.930881 0.003381
v -1.220157 0.929843 0.008000
v -1.220157 0.935500 0.002343
v -1.214500 0.927500 1.392000
v -1.214500 0.935500 1.400000
v -1.222500 0.935500 1.392000
v -1.214500 0.929843 1.397657
v -1.219119 0.930881 1.396619
v -1.220157 0.935500 1.397657
v -1.220157 0.929843 1.392000
v -1.214500 0.964500 0.000000
v -1.222500 0.964500 0.008000
v -1.214500 0.972500 0.008000
v -1.220157 0.964500 0.002343
v -1.219119 0.969119 0.003381
v -1.220157 0.970157 0.008000
v -1.214500 0.970157 0.002343
v -1.214500 0.964500 1.400000
v -1.214500 0.972500 1.392000
v -1.222500 0.964500 1.392000
v -1.214500 0.970157 1.397657
v -1.219119 0.969119 1.396619
v -1.220157 0.970157 1.392000
v -1.220157 0.964500 1.397657
v -1.185500 0.935500 0.000000
v -1.177500 0.935500 0.008000
v -1.185500 0.927500 0.008000
v -1.179843 0.935500 0.002343
v -1.180881 0.930881 0.003381
v -1.179843 0.929843 0.008000
v -1.185500 0.929843 0.002343
v -1.185500 0.935500 1.400000
v -1.185500 0.927500 1.392000
v -1.177500 0.935500 1.392000
v -1.185500 0.929843 1.397657
v -1.180881 0.930881 1.396619
v -1.179843 0.929843 1.392000
v -1.179843 0.935500 1.397657
v -1.185500 0.964500 0.000000
v -1.185500 0.972500 0.008000
v -1.177500 0.964500 0.008000
v -1.185500 0.970157 0.002343
v -1.180881 0.969119 0.003381
v -1.179843 0.970157 0.008000
v -1.179843 0.964500 0.002343
v -1.185500 0.964500 1.400000
v -1.177500 0.964500 1.392000
v -1.185500 0.972500 1.392000
v -1.179843 0.964500 1.397657
v -1.180881 0.969119 1.396619
v -1.179843 0.970157 1.392000
v -1.185500 0.970157 1.397657
vt 0.376429 0.794444
vt 0.623571 0.794445
vt 0.623571 0.955555
vt 0.376429 0.955556
vt 0.376429 0.544444
vt 0.623571 0.544444
vt 0.623571 0.705556
vt 0.376429 0.705556
vt 0.669444 0.544444
vt 0.830556 0.544444
vt 0.830555 0.705556
vt 0.669444 0.705556
vt 0.376429 0.044444
vt 0.623571 0.044444
vt 0.623571 0.205556
vt 0.376429 0.205556
vt 0.376429 0.294444
vt 0.623571 0.294444
vt 0.623571 0.455556
vt 0.376429 0.455556
vt 0.169444 0.705556
vt 0.169444 0.750000
vt 0.143784 0.750000
vt 0.125000 0.705555
vt 0.376429 1.000000
vt 0.375604 1.000000
vt 0.375000 0.955556
vt 0.375000 0.044444
vt 0.375000 0.018784
vt 0.376429 0.000000
vt 0.625000 0.955556
vt 0.625000 0.981216
vt 0.623571 1.000000
vt 0.875000 0.705556
vt 0.875000 0.731216
vt 0.830556 0.750000
vt 0.623571 0.000000
vt 0.624396 0.000000
vt 0.625000 0.044444
vt 0.169444 0.544444
vt 0.125000 0.544444
vt 0.125000 0.518784
vt 0.169444 0.500000
vt 0.376429 0.250000
vt 0.375604 0.250000
vt 0.375000 0.205556
vt 0.375000 0.294444
vt 0.375000 0.268784
vt 0.830556 0.500000
vt 0.856216 0.500000
vt 0.875000 0.544444
vt 0.623571 0.250000
vt 0.624396 0.250000
vt 0.625000 0.294444
vt 0.625000 0.205556
vt 0.625000 0.231216
vt 0.330556 0.705556
vt 0.375000 0.705556
vt 0.375201 0.750000
vt 0.330556 0.750000
vt 0.376429 0.750000
vt 0.375000 0.794444
vt 0.669444 0.750000
vt 0.631060 0.743739
vt 0.625000 0.705555
vt 0.623571 0.750000
vt 0.625000 0.794444
vt 0.330556 0.544444
vt 0.330556 0.500000
vt 0.368940 0.506261
vt 0.375000 0.544444
vt 0.376429 0.500000
vt 0.375000 0.455556
vt 0.625000 0.544444
vt 0.624799 0.500000
vt 0.669444 0.500000
vt 0.623571 0.500000
vt 0.625000 0.455556
vn 0.0000 -1.0000 0.0000
vn 1.0000 0.0000 0.0000
vn 0.0000 0.0000 1.0000
vn -1.0000 0.0000 0.0000
vn 0.0000 1.0000 0.0000
vn -0.3251 -0.3251 -0.8881
vn -0.3251 -0.8881 -0.3251
vn -0.8881 -0.3251 -0.3251
vn -0.3251 -0.8881 0.3251
vn -0.3251 -0.3251 0.8881
vn -0.8881 -0.3251 0.3251
vn -0.3251 0.3251 -0.8881
vn -0.8881 0.3251 -0.3251
vn -0.3251 0.8881 -0.3250
vn -0.3251 0.3251 0.8881
vn -0.3251 0.8881 0.3251
vn -0.8881 0.3251 0.3251
vn 0.3251 -0.3251 -0.8881
vn 0.8881 -0.3251 -0.3251
vn 0.3251 -0.8881 -0.3251
vn 0.3251 -0.3251 0.8881
vn 0.3251 -0.8881 0.3251
vn 0.8881 -0.3251 0.3251
vn 0.3251 0.3251 -0.8881
vn 0.3251 0.8881 -0.3251
vn 0.8881 0.3251 -0.3251
vn 0.3251 0.3251 0.8881
vn 0.8881 0.3251 0.3251
vn 0.3251 0.8881 0.3251
vn -0.3827 0.0000 -0.9239
vn -0.9239 0.0000 -0.3827
vn -0.3827 -0.9239 0.0000
vn -0.9239 -0.3827 0.0000
vn -0.3827 0.0000 0.9239
vn -0.9239 0.0000 0.3827
vn -0.3827 0.9239 0.0000
vn -0.9239 0.3827 0.0000
vn 0.0000 0.3827 -0.9239
vn 0.0000 0.9239 -0.3827
vn 0.0000 0.3827 0.9239
vn 0.0000 0.9239 0.3827
vn 0.9239 0.3827 0.0000
vn 0.3827 0.9239 0.0000
vn 0.3827 0.0000 -0.9239
vn 0.9239 0.0000 -0.3827
vn 0.3827 0.0000 0.9239
vn 0.9239 0.0000 0.3827
vn 0.3827 -0.9239 0.0000
vn 0.9239 -0.3827 0.0000
vn 0.0000 -0.3827 -0.9239
vn 0.0000 -0.9239 -0.3827
vn 0.0000 -0.3827 0.9239
vn 0.0000 -0.9239 0.3827
vn 0.0000 0.0000 -1.0000
s off
f 143/157/109 149/158/109 120/159/109 114/160/109
f 157/161/110 163/162/110 150/163/110 142/164/110
f 162/165/111 134/166/111 121/167/111 148/168/111
f 115/169/112 122/170/112 136/171/112 128/172/112
f 129/173/113 135/174/113 164/175/113 156/176/113
f 113/177/114 116/178/114 117/179/114 119/180/114
f 114/160/115 118/181/115 117/182/115 116/183/115
f 115/169/116 119/184/116 117/185/116 118/186/116
f 120/159/117 123/187/117 124/188/117 126/189/117
f 121/167/118 125/190/118 124/191/118 123/192/118
f 122/170/119 126/193/119 124/194/119 125/195/119
f 127/196/120 130/197/120 131/198/120 133/199/120
f 128/172/121 132/200/121 131/201/121 130/202/121
f 129/173/122 133/203/122 131/204/122 132/200/122
f 134/166/123 137/205/123 138/206/123 140/207/123
f 135/174/124 139/208/124 138/209/124 137/210/124
f 136/171/125 140/211/125 138/212/125 139/208/125
f 141/213/126 144/214/126 145/215/126 147/216/126
f 142/164/127 146/217/127 145/215/127 144/214/127
f 143/157/128 147/218/128 145/215/128 146/217/128
f 148/168/129 151/219/129 152/220/129 154/221/129
f 149/158/130 153/222/130 152/220/130 151/223/130
f 150/163/131 154/221/131 152/220/131 153/222/131
f 155/224/132 158/225/132 159/226/132 161/227/132
f 156/176/133 160/228/133 159/226/133 158/229/133
f 157/161/134 161/227/134 159/226/134 160/228/134
f 162/165/135 165/230/135 166/231/135 168/232/135
f 163/162/136 167/233/136 166/231/136 165/230/136
f 164/175/137 168/234/137 166/231/137 167/233/137
f 127/196/138 113/177/138 119/180/138 130/197/138
f 130/202/139 119/184/139 115/169/139 128/172/139
f 114/160/140 120/159/140 126/189/140 118/181/140
f 118/186/141 126/193/141 122/170/141 115/169/141
f 121/167/142 134/166/142 140/207/142 125/190/142
f 125/195/143 140/211/143 136/171/143 122/170/143
f 135/174/144 129/173/144 132/200/144 139/208/144
f 139/208/145 132/200/145 128/172/145 136/171/145
f 155/224/146 127/196/146 133/199/146 158/225/146
f 158/229/147 133/203/147 129/173/147 156/176/147
f 134/166/148 162/165/148 168/232/148 137/205/148
f 137/210/149 168/234/149 164/175/149 135/174/149
f 163/162/150 157/161/150 160/228/150 167/233/150
f 167/233/151 160/228/151 156/176/151 164/175/151
f 141/213/152 155/224/152 161/227/152 144/214/152
f 144/214/153 161/227/153 157/161/153 142/164/153
f 162/165/154 148/168/154 154/221/154 165/230/154
f 165/230/155 154/221/155 150/163/155 163/162/155
f 149/158/156 143/157/156 146/217/156 153/222/156
f 153/222/157 146/217/157 142/164/157 150/163/157
f 113/177/158 141/213/158 147/216/158 116/178/158
f 116/183/159 147/218/159 143/157/159 114/160/159
f 148/168/160 121/167/160 123/192/160 151/219/160
f 151/223/161 123/187/161 120/159/161 149/158/161
f 127/196/162 155/224/162 141/213/162 113/177/162
o anchor_foot.002_Cube.004
v -1.282000 0.878000 0.000000
v -1.282000 0.870000 0.008000
v -1.290000 0.878000 0.008000
v -1.282000 0.872343 0.002343
v -1.286619 0.873381 0.003381
v -1.287657 0.872343 0.008000
v -1.287657 0.878000 0.002343
v -1.282000 0.870000 0.042000
v -1.282000 0.878000 0.050000
v -1.290000 0.878000 0.042000
v -1.282000 0.872343 0.047657
v -1.286619 0.873381 0.046619
v -1.287657 0.878000 0.047657
v -1.287657 0.872343 0.042000
v -1.282000 1.022000 0.000000
v -1.290000 1.022000 0.008000
v -1.282000 1.030000 0.008000
v -1.287657 1.022000 0.002343
v -1.286619 1.026619 0.003381
v -1.287657 1.027657 0.008000
v -1.282000 1.027657 0.002343
v -1.282000 1.022000 0.050000
v -1.282000 1.030000 0.042000
v -1.290000 1.022000 0.042000
v -1.282000 1.027657 0.047657
v -1.286619 1.026619 0.046619
v -1.287657 1.027657 0.042000
v -1.287657 1.022000 0.047657
v -1.118000 0.878000 0.000000
v -1.110000 0.878000 0.008000
v -1.118000 0.870000 0.008000
v -1.112343 0.878000 0.002343
v -1.113381 0.873381 0.003381
v -1.112343 0.872343 0.008000
v -1.118000 0.872343 0.002343
v -1.118000 0.878000 0.050000
v -1.118000 0.870000 0.042000
v -1.110000 0.878000 0.042000
v -1.118000 0.872343 0.047657
v -1.113381 0.873381 0.046619
v -1.112343 0.872343 0.042000
v -1.112343 0.878000 0.047657
v -1.118000 1.022000 0.000000
v -1.118000 1.030000 0.008000
v -1.110000 1.022000 0.008000
v -1.118000 1.027657 0.002343
v -1.113381 1.026619 0.003381
v -1.112343 1.027657 0.008000
v -1.112343 1.022000 0.002343
v -1.118000 1.022000 0.050000
v -1.110000 1.022000 0.042000
v -1.118000 1.030000 0.042000
v -1.112343 1.022000 0.047657
v -1.113381 1.026619 0.046619
v -1.112343 1.027657 0.042000
v -1.118000 1.027657 0.047657
vt 0.415000 0.761111
vt 0.585000 0.761111
vt 0.585000 0.988889
vt 0.415000 0.988889
vt 0.415000 0.512500
vt 0.585000 0.512500
vt 0.585000 0.737500
vt 0.415000 0.737500
vt 0.636111 0.512500
vt 0.863889 0.512500
vt 0.863889 0.737500
vt 0.636111 0.737500
vt 0.415000 0.012500
vt 0.585000 0.012500
vt 0.585000 0.237500
vt 0.415000 0.237500
vt 0.415000 0.261111
vt 0.585000 0.261111
vt 0.585000 0.488889
vt 0.415000 0.488889
vt 0.136111 0.737500
vt 0.136111 0.750000
vt 0.129696 0.750000
vt 0.125000 0.737500
vt 0.415000 1.000000
vt 0.391906 1.000000
vt 0.375000 0.988889
vt 0.375000 0.012500
vt 0.375000 0.005283
vt 0.415000 0.000000
vt 0.625000 0.988889
vt 0.625000 0.995304
vt 0.585000 1.000000
vt 0.875000 0.737500
vt 0.875000 0.744717
vt 0.863889 0.750000
vt 0.585000 0.000000
vt 0.608094 0.000000
vt 0.625000 0.012500
vt 0.136111 0.512500
vt 0.125000 0.512500
vt 0.125000 0.505283
vt 0.136111 0.500000
vt 0.415000 0.250000
vt 0.391906 0.250000
vt 0.375000 0.237500
vt 0.375000 0.261111
vt 0.375000 0.254696
vt 0.863889 0.500000
vt 0.870304 0.500000
vt 0.875000 0.512500
vt 0.585000 0.250000
vt 0.608094 0.250000
vt 0.625000 0.261111
vt 0.625000 0.237500
vt 0.625000 0.244717
vt 0.363889 0.737500
vt 0.375000 0.737500
vt 0.380635 0.749804
vt 0.363889 0.750000
vt 0.415000 0.750000
vt 0.375000 0.761111
vt 0.636111 0.750000
vt 0.620930 0.748239
vt 0.625000 0.737500
vt 0.585000 0.750000
vt 0.625000 0.761111
vt 0.363889 0.512500
vt 0.363889 0.500000
vt 0.379070 0.501761
vt 0.375000 0.512500
vt 0.415000 0.500000
vt 0.375000 0.488889
vt 0.625000 0.512500
vt 0.619365 0.500196
vt 0.636111 0.500000
vt 0.585000 0.500000
vt 0.625000 0.488889
vn 0.0000 -1.0000 0.0000
vn 1.0000 0.0000 0.0000
vn 0.0000 0.0000 1.0000
vn -1.0000 0.0000 0.0000
vn 0.0000 1.0000 0.0000
vn -0.3251 -0.3251 -0.8881
vn -0.3251 -0.8881 -0.3250
vn -0.8881 -0.3251 -0.3251
vn -0.3251 -0.8881 0.3250
vn -0.3251 -0.3251 0.8881
vn -0.8881 -0.3251 0.3251
vn -0.3251 0.3251 -0.8881
vn -0.8881 0.3251 -0.3251
vn -0.3251 0.8881 -0.3251
vn -0.3251 0.3251 0.8881
vn -0.3251 0.8881 0.3251
vn -0.8881 0.3251 0.3251
vn 0.3251 -0.3251 -0.8881
vn 0.8881 -0.3251 -0.3251
vn 0.3251 -0.8881 -0.3250
vn 0.3251 -0.3251 0.8881
vn 0.3251 -0.8881 0.3250
vn 0.8881 -0.3251 0.3251
vn 0.3251 0.3251 -0.8881
vn 0.3251 0.8881 -0.3251
vn 0.8881 0.3251 -0.3251
vn 0.3251 0.3251 0.8881
vn 0.8881 0.3251 0.3251
vn 0.3251 0.8881 0.3251
vn -0.3827 0.0000 -0.9239
vn -0.9239 0.0000 -0.3827
vn -0.3827 -0.9239 0.0000
vn -0.9239 -0.3827 0.0000
vn -0.3827 0.0000 0.9239
vn -0.9239 0.0000 0.3827
vn -0.3827 0.9239 0.0000
vn -0.9239 0.3827 0.0000
vn 0.0000 0.3827 -0.9239
vn 0.0000 0.9239 -0.3827
vn 0.0000 0.3827 0.9239
vn 0.0000 0.9239 0.3827
vn 0.9239 0.3827 0.0000
vn 0.3827 0.9239 0.0000
vn 0.3827 0.0000 -0.9239
vn 0.9239 0.0000 -0.3827
vn 0.3827 0.0000 0.9239
vn 0.9239 0.0000 0.3827
vn 0.3827 -0.9239 0.0000
vn 0.9239 -0.3827 0.0000
vn 0.0000 -0.3827 -0.9239
vn 0.0000 -0.9239 -0.3827
vn 0.0000 -0.3827 0.9239
vn 0.0000 -0.9239 0.3827
vn 0.0000 0.0000 -1.0000
s off
f 199/235/163 205/236/163 176/237/163 170/238/163
f 213/239/164 219/240/164 206/241/164 198/242/164
f 218/243/165 190/244/165 177/245/165 204/246/165
f 171/247/166 178/248/166 192/249/166 184/250/166
f 185/251/167 191/252/167 220/253/167 212/254/167
f 169/255/168 172/256/168 173/257/168 175/258/168
f 170/238/169 174/259/169 173/260/169 172/261/169
f 171/247/170 175/262/170 173/263/170 174/264/170
f 176/237/171 179/265/171 180/266/171 182/267/171
f 177/245/172 181/268/172 180/269/172 179/270/172
f 178/248/173 182/271/173 180/272/173 181/273/173
f 183/274/174 186/275/174 187/276/174 189/277/174
f 184/250/175 188/278/175 187/279/175 186/280/175
f 185/251/176 189/281/176 187/282/176 188/278/176
f 190/244/177 193/283/177 194/284/177 196/285/177
f 191/252/178 195/286/178 194/287/178 193/288/178
f 192/249/179 196/289/179 194/290/179 195/286/179
f 197/291/180 200/292/180 201/293/180 203/294/180
f 198/242/181 202/295/181 201/293/181 200/292/181
f 199/235/182 203/296/182 201/293/182 202/295/182
f 204/246/183 207/297/183 208/298/183 210/299/183
f 205/236/184 209/300/184 208/298/184 207/301/184
f 206/241/185 210/299/185 208/298/185 209/300/185
f 211/302/186 214/303/186 215/304/186 217/305/186
f 212/254/187 216/306/187 215/304/187 214/307/187
f 213/239/188 217/305/188 215/304/188 216/306/188
f 218/243/189 221/308/189 222/309/189 224/310/189
f 219/240/190 223/311/190 222/309/190 221/308/190
f 220/253/191 224/312/191 222/309/191 223/311/191
f 183/274/192 169/255/192 175/258/192 186/275/192
f 186/280/193 175/262/193 171/247/193 184/250/193
f 170/238/194 176/237/194 182/267/194 174/259/194
f 174/264/195 182/271/195 178/248/195 171/247/195
f 177/245/196 190/244/196 196/285/196 181/268/196
f 181/273/197 196/289/197 192/249/197 178/248/197
f 191/252/198 185/251/198 188/278/198 195/286/198
f 195/286/199 188/278/199 184/250/199 192/249/199
f 211/302/200 183/274/200 189/277/200 214/303/200
f 214/307/201 189/281/201 185/251/201 212/254/201
f 190/244/202 218/243/202 224/310/202 193/283/202
f 193/288/203 224/312/203 220/253/203 191/252/203
f 219/240/204 213/239/204 216/306/204 223/311/204
f 223/311/205 216/306/205 212/254/205 220/253/205
f 197/291/206 211/302/206 217/305/206 200/292/206
f 200/292/207 217/305/207 213/239/207 198/242/207
f 218/243/208 204/246/208 210/299/208 221/308/208
f 221/308/209 210/299/209 206/241/209 219/240/209
f 205/236/210 199/235/210 202/295/210 209/300/210
f 209/300/211 202/295/211 198/242/211 206/241/211
f 169/255/212 197/291/212 203/294/212 172/256/212
f 172/261/213 203/296/213 199/235/213 170/238/213
f 204/246/214 177/245/214 179/270/214 207/297/214
f 207/301/215 179/265/215 176/237/215 205/236/215
f 183/274/216 211/302/216 197/291/216 169/255/216
o frame_upright.002_Cube.005
v 1.185500 -0.964500 0.000000
v 1.185500 -0.972500 0.008000
v 1.177500 -0.964500 0.008000
v 1.185500 -0.970157 0.002343
v 1.180881 -0.969119 0.003381
v 1.179843 -0.970157 0.008000
v 1.179843 -0.964500 0.002343
v 1.185500 -0.972500 1.392000
v 1.185500 -0.964500 1.400000
v 1.177500 -0.964500 1.392000
v 1.185500 -0.970157 1.397657
v 1.180881 -0.969119 1.396619
v 1.179843 -0.964500 1.397657
v 1.179843 -0.970157 1.392000
v 1.185500 -0.935500 0.000000
v 1.177500 -0.935500 0.008000
v 1.185500 -0.927500 0.008000
v 1.179843 -0.935500 0.002343
v 1.180881 -0.930881 0.003381
v 1.179843 -0.929843 0.008000
v 1.185500 -0.929843 0.002343
v 1.185500 -0.935500 1.400000
v 1.185500 -0.927500 1.392000
v 1.177500 -0.935500 1.392000
v 1.185500 -0.929843 1.397657
v 1.180881 -0.930881 1.396619
v 1.179843 -0.929843 1.392000
v 1.179843 -0.935500 1.397657
v 1.214500 -0.964500 0.000000
v 1.222500 -0.964500 0.008000
v 1.214500 -0.972500 0.008000
v 1.220157 -0.964500 0.002343
v 1.219119 -0.969119 0.003381
v 1.220157 -0.970157 0.008000
v 1.214500 -0.970157 0.002343
v 1.214500 -0.964500 1.400000
v 1.214500 -0.972500 1.392000
v 1.222500 -0.964500 1.392000
v 1.214500 -0.970157 1.397657
v 1.219119 -0.969119 1.396619
v 1.220157 -0.970157 1.392000
v 1.220157 -0.964500 1.397657
v 1.214500 -0.935500 0.000000
v 1.214500 -0.927500 0.008000
v 1.222500 -0.935500 0.008000
v 1.214500 -0.929843 0.002343
v 1.219119 -0.930881 0.003381
v 1.220157 -0.929843 0.008000
v 1.220157 -0.935500 0.002343
v 1.214500 -0.935500 1.400000
v 1.222500 -0.935500 1.392000
v 1.214500 -0.927500 1.392000
v 1.220157 -0.935500 1.397657
v 1.219119 -0.930881 1.396619
v 1.220157 -0.929843 1.392000
v 1.214500 -0.929843 1.397657
vt 0.376429 0.794444
vt 0.623571 0.794445
vt 0.623571 0.955555
vt 0.376429 0.955556
vt 0.376429 0.544444
vt 0.623571 0.544444
vt 0.623571 0.705556
vt 0.376429 0.705556
vt 0.669444 0.544444
vt 0.830556 0.544444
vt 0.830555 0.705556
vt 0.669444 0.705556
vt 0.376429 0.044444
vt 0.623571 0.044444
vt 0.623571 0.205556
vt 0.376429 0.205556
vt 0.376429 0.294444
vt 0.623571 0.294444
vt 0.623571 0.455556
vt 0.376429 0.455556
vt 0.169444 0.705556
vt 0.169444 0.750000
vt 0.143784 0.750000
vt 0.125000 0.705555
vt 0.376429 1.000000
vt 0.375604 1.000000
vt 0.375000 0.955556
vt 0.375000 0.044444
vt 0.375000 0.018784
vt 0.376429 0.000000
vt 0.625000 0.955556
vt 0.625000 0.981216
vt 0.623571 1.000000
vt 0.875000 0.705556
vt 0.875000 0.731216
vt 0.830556 0.750000
vt 0.623571 0.000000
vt 0.624396 0.000000
vt 0.625000 0.044444
vt 0.169444 0.544444
vt 0.125000 0.544444
vt 0.125000 0.518784
vt 0.169444 0.500000
vt 0.376429 0.250000
vt 0.375604 0.250000
vt 0.375000 0.205556
vt 0.375000 0.294444
vt 0.375000 0.268784
vt 0.830556 0.500000
vt 0.856216 0.500000
vt 0.875000 0.544444
vt 0.623571 0.250000
vt 0.624396 0.250000
vt 0.625000 0.294444
vt 0.625000 0.205556
vt 0.625000 0.231216
vt 0.330556 0.705556
vt 0.375000 0.705556
vt 0.375201 0.750000
vt 0.330556 0.750000
vt 0.376429 0.750000
vt 0.375000 0.794444
vt 0.669444 0.750000
vt 0.631060 0.743739
vt 0.625000 0.705555
vt 0.623571 0.750000
vt 0.625000 0.794444
vt 0.330556 0.544444
vt 0.330556 0.500000
vt 0.368940 0.506261
vt 0.375000 0.544444
vt 0.376429 0.500000
vt 0.375000 0.455556
vt 0.625000 0.544444
vt 0.624799 0.500000
vt 0.669444 0.500000
vt 0.623571 0.500000
vt 0.625000 0.455556
vn 0.0000 -1.0000 0.0000
vn 1.0000 0.0000 0.0000
vn 0.0000 0.0000 1.0000
vn -1.0000 0.0000 0.0000
vn 0.0000 1.0000 0.0000
vn -0.3251 -0.3251 -0.8881
vn -0.3251 -0.8881 -0.3251
vn -0.8881 -0.3251 -0.3251
vn -0.3251 -0.8881 0.3251
vn -0.3251 -0.3251 0.8881
vn -0.8881 -0.3251 0.3251
vn -0.3251 0.3251 -0.8881
vn -0.8881 0.3251 -0.3251
vn -0.3251 0.8881 -0.3251
vn -0.3251 0.3251 0.8881
vn -0.3251 0.8881 0.3251
vn -0.8881 0.3251 0.3251
vn 0.3251 -0.3251 -0.8881
vn 0.8881 -0.3251 -0.3251
vn 0.3251 -0.8881 -0.3250
vn 0.3251 -0.3251 0.8881
vn 0.3251 -0.8881 0.3251
vn 0.8881 -0.3251 0.3251
vn 0.3251 0.3251 -0.8881
vn 0.3251 0.8881 -0.3251
vn 0.8881 0.3251 -0.3251
vn 0.3251 0.3251 0.8881
vn 0.8881 0.3251 0.3251
vn 0.3251 0.8881 0.3251
vn -0.3827 0.0000 -0.9239
vn -0.9239 0.0000 -0.3827
vn -0.3827 -0.9239 0.0000
vn -0.9239 -0.3827 0.0000
vn -0.3827 0.0000 0.9239
vn -0.9239 0.0000 0.3827
vn -0.3827 0.9239 0.0000
vn -0.9239 0.3827 0.0000
vn 0.0000 0.3827 -0.9239
vn 0.0000 0.9239 -0.3827
vn 0.0000 0.3827 0.9239
vn 0.0000 0.9239 0.3827
vn 0.9239 0.3827 0.0000
vn 0.3827 0.9239 0.0000
vn 0.3827 0.0000 -0.9239
vn 0.9239 0.0000 -0.3827
vn 0.3827 0.0000 0.9239
vn 0.9239 0.0000 0.3827
vn 0.3827 -0.9239 0.0000
vn 0.9239 -0.3827 0.0000
vn 0.0000 -0.3827 -0.9239
vn 0.0000 -0.9239 -0.3827
vn 0.0000 -0.3827 0.9239
vn 0.0000 -0.9239 0.3827
vn 0.0000 0.0000 -1.0000
s off
f 255/313/217 261/314/217 232/315/217 226/316/217
f 269/317/218 275/318/218 262/319/218 254/320/218
f 274/321/219 246/322/219 233/323/219 260/324/219
f 227/325/220 234/326/220 248/327/220 240/328/220
f 241/329/221 247/330/221 276/331/221 268/332/221
f 225/333/222 228/334/222 229/335/222 231/336/222
f 226/316/223 230/337/223 229/338/223 228/339/223
f 227/325/224 231/340/224 229/341/224 230/342/224
f 232/315/225 235/343/225 236/344/225 238/345/225
f 233/323/226 237/346/226 236/347/226 235/348/226
f 234/326/227 238/349/227 236/350/227 237/351/227
f 239/352/228 242/353/228 243/354/228 245/355/228
f 240/328/229 244/356/229 243/357/229 242/358/229
f 241/329/230 245/359/230 243/360/230 244/356/230
f 246/322/231 249/361/231 250/362/231 252/363/231
f 247/330/232 251/364/232 250/365/232 249/366/232
f 248/327/233 252/367/233 250/368/233 251/364/233
f 253/369/234 256/370/234 257/371/234 259/372/234
f 254/320/235 258/373/235 257/371/235 256/370/235
f 255/313/236 259/374/236 257/371/236 258/373/236
f 260/324/237 263/375/237 264/376/237 266/377/237
f 261/314/238 265/378/238 264/376/238 263/379/238
f 262/319/239 266/377/239 264/376/239 265/378/239
f 267/380/240 270/381/240 271/382/240 273/383/240
f 268/332/241 272/384/241 271/382/241 270/385/241
f 269/317/242 273/383/242 271/382/242 272/384/242
f 274/321/243 277/386/243 278/387/243 280/388/243
f 275/318/244 279/389/244 278/387/244 277/386/244
f 276/331/245 280/390/245 278/387/245 279/389/245
f 239/352/246 225/333/246 231/336/246 242/353/246
f 242/358/247 231/340/247 227/325/247 240/328/247
f 226/316/248 232/315/248 238/345/248 230/337/248
f 230/342/249 238/349/249 234/326/249 227/325/249
f 233/323/250 246/322/250 252/363/250 237/346/250
f 237/351/251 252/367/251 248/327/251 234/326/251
f 247/330/252 241/329/252 244/356/252 251/364/252
f 251/364/253 244/356/253 240/328/253 248/327/253
f 267/380/254 239/352/254 245/355/254 270/381/254
f 270/385/255 245/359/255 241/329/255 268/332/255
f 246/322/256 274/321/256 280/388/256 249/361/256
f 249/366/257 280/390/257 276/331/257 247/330/257
f 275/318/258 269/317/258 272/384/258 279/389/258
f 279/389/259 272/384/259 268/332/259 276/331/259
f 253/369/260 267/380/260 273/383/260 256/370/260
f 256/370/261 273/383/261 269/317/261 254/320/261
f 274/321/262 260/324/262 266/377/262 277/386/262
f 277/386/263 266/377/263 262/319/263 275/318/263
f 261/314/264 255/313/264 258/373/264 265/378/264
f 265/378/265 258/373/265 254/320/265 262/319/265
f 225/333/266 253/369/266 259/372/266 228/334/266
f 228/339/267 259/374/267 255/313/267 226/316/267
f 260/324/268 233/323/268 235/348/268 263/375/268
f 263/379/269 235/343/269 232/315/269 261/314/269
f 239/352/270 267/380/270 253/369/270 225/333/270
o anchor_foot.003_Cube.006
v 1.118000 -1.022000 0.000000
v 1.118000 -1.030000 0.008000
v 1.110000 -1.022000 0.008000
v 1.118000 -1.027657 0.002343
v 1.113381 -1.026619 0.003381
v 1.112343 -1.027657 0.008000
v 1.112343 -1.022000 0.002343
v 1.118000 -1.030000 0.042000
v 1.118000 -1.022000 0.050000
v 1.110000 -1.022000 0.042000
v 1.118000 -1.027657 0.047657
v 1.113381 -1.026619 0.046619
v 1.112343 -1.022000 0.047657
v 1.112343 -1.027657 0.042000
v 1.118000 -0.878000 0.000000
v 1.110000 -0.878000 0.008000
v 1.118000 -0.870000 0.008000
v 1.112343 -0.878000 0.002343
v 1.113381 -0.873381 0.003381
v 1.112343 -0.872343 0.008000
v 1.118000 -0.872343 0.002343
v 1.118000 -0.878000 0.050000
v 1.118000 -0.870000 0.042000
v 1.110000 -0.878000 0.042000
v 1.118000 -0.872343 0.047657
v 1.113381 -0.873381 0.046619
v 1.112343 -0.872343 0.042000
v 1.112343 -0.878000 0.047657
v 1.282000 -1.022000 0.000000
v 1.290000 -1.022000 0.008000
v 1.282000 -1.030000 0.008000
v 1.287657 -1.022000 0.002343
v 1.286619 -1.026619 0.003381
v 1.287657 -1.027657 0.008000
v 1.282000 -1.027657 0.002343
v 1.282000 -1.022000 0.050000
v 1.282000 -1.030000 0.042000
v 1.290000 -1.022000 0.042000
v 1.282000 -1.027657 0.047657
v 1.286619 -1.026619 0.046619
v 1.287657 -1.027657 0.042000
v 1.287657 -1.022000 0.047657
v 1.282000 -0.878000 0.000000
v 1.282000 -0.870000 0.008000
v 1.290000 -0.878000 0.008000
v 1.282000 -0.872343 0.002343
v 1.286619 -0.873381 0.003381
v 1.287657 -0.872343 0.008000
v 1.287657 -0.878000 0.002343
v 1.282000 -0.878000 0.050000
v 1.290000 -0.878000 0.042000
v 1.282000 -0.870000 0.042000
v 1.287657 -0.878000 0.047657
v 1.286619 -0.873381 0.046619
v 1.287657 -0.872343 0.042000
v 1.282000 -0.872343 0.047657
vt 0.415000 0.761111
vt 0.585000 0.761111
vt 0.585000 0.988889
vt 0.415000 0.988889
vt 0.415000 0.512500
vt 0.585000 0.512500
vt 0.585000 0.737500
vt 0.415000 0.737500
vt 0.636111 0.512500
vt 0.863889 0.512500
vt 0.863889 0.737500
vt 0.636111 0.737500
vt 0.415000 0.012500
vt 0.585000 0.012500
vt 0.585000 0.237500
vt 0.415000 0.237500
vt 0.415000 0.261111
vt 0.585000 0.261111
vt 0.585000 0.488889
vt 0.415000 0.488889
vt 0.136111 0.737500
vt 0.136111 0.750000
vt 0.129696 0.750000
vt 0.125000 0.737500
vt 0.415000 1.000000
vt 0.391906 1.000000
vt 0.375000 0.988889
vt 0.375000 0.012500
vt 0.375000 0.005283
vt 0.415000 0.000000
vt 0.625000 0.988889
vt 0.625000 0.995304
vt 0.585000 1.000000
vt 0.875000 0.737500
vt 0.875000 0.744717
vt 0.863889 0.750000
vt 0.585000 0.000000
vt 0.608094 0.000000
vt 0.625000 0.012500
vt 0.136111 0.512500
vt 0.125000 0.512500
vt 0.125000 0.505283
vt 0.136111 0.500000
vt 0.415000 0.250000
vt 0.391906 0.250000
vt 0.375000 0.237500
vt 0.375000 0.261111
vt 0.375000 0.254696
vt 0.863889 0.500000
vt 0.870304 0.500000
vt 0.875000 0.512500
vt 0.585000 0.250000
vt 0.608094 0.250000
vt 0.625000 0.261111
vt 0.625000 0.237500
vt 0.625000 0.244717
vt 0.363889 0.737500
vt 0.375000 0.737500
vt 0.380635 0.749804
vt 0.363889 0.750000
vt 0.415000 0.750000
vt 0.375000 0.761111
vt 0.636111 0.750000
vt 0.620930 0.748239
vt 0.625000 0.737500
vt 0.585000 0.750000
vt 0.625000 0.761111
vt 0.363889 0.512500
vt 0.363889 0.500000
vt 0.379070 0.501761
vt 0.375000 0.512500
vt 0.415000 0.500000
vt 0.375000 0.488889
vt 0.625000 0.512500
vt 0.619365 0.500196
vt 0.636111 0.500000
vt 0.585000 0.500000
vt 0.625000 0.488889
vn 0.0000 -1.0000 0.0000
vn 1.0000 0.0000 0.0000
vn 0.0000 0.0000 1.0000
vn -1.0000 0.0000 0.0000
vn 0.0000 1.0000 0.0000
vn -0.3251 -0.3251 -0.8881
vn -0.3251 -0.8881 -0.3251
vn -0.8881 -0.3251 -0.3251
vn -0.3251 -0.8881 0.3251
vn -0.3251 -0.3251 0.8881
vn -0.8881 -0.3251 0.3251
vn -0.3251 0.3251 -0.8881
vn -0.8881 0.3251 -0.3251
vn -0.3251 0.8881 -0.3250
vn -0.3251 0.3251 0.8881
vn -0.3251 0.8881 0.3250
vn -0.8881 0.3251 0.3251
vn 0.3251 -0.3251 -0.8881
vn 0.8881 -0.3251 -0.3251
vn 0.3251 -0.8881 -0.3251
vn 0.3251 -0.3251 0.8881
vn 0.3251 -0.8881 0.3251
vn 0.8881 -0.3251 0.3251
vn 0.3251 0.3251 -0.8881
vn 0.3251 0.8881 -0.3250
vn 0.8881 0.3251 -0.3251
vn 0.3251 0.3251 0.8881
vn 0.8881 0.3251 0.3251
vn 0.3251 0.8881 0.3250
vn -0.3827 0.0000 -0.9239
vn -0.9239 0.0000 -0.3827
vn -0.3827 -0.9239 0.0000
vn -0.9239 -0.3827 0.0000
vn -0.3827 0.0000 0.9239
vn -0.9239 0.0000 0.3827
vn -0.3827 0.9239 0.0000
vn -0.9239 0.3827 0.0000
vn 0.0000 0.3827 -0.9239
vn 0.0000 0.9239 -0.3827
vn 0.0000 0.3827 0.9239
vn 0.0000 0.9239 0.3827
vn 0.9239 0.3827 0.0000
vn 0.3827 0.9239 0.0000
vn 0.3827 0.0000 -0.9239
vn 0.9239 0.0000 -0.3827
vn 0.3827 0.0000 0.9239
vn 0.9239 0.0000 0.3827
vn 0.3827 -0.9239 0.0000
vn 0.9239 -0.3827 0.0000
vn 0.0000 -0.3827 -0.9239
vn 0.0000 -0.9239 -0.3827
vn 0.0000 -0.3827 0.9239
vn 0.0000 -0.9239 0.3827
vn 0.0000 0.0000 -1.0000
s off
f 311/391/271 317/392/271 288/393/271 282/394/271
f 325/395/272 331/396/272 318/397/272 310/398/272
f 330/399/273 302/400/273 289/401/273 316/402/273
f 283/403/274 290/404/274 304/405/274 296/406/274
f 297/407/275 303/408/275 332/409/275 324/410/275
f 281/411/276 284/412/276 285/413/276 287/414/276
f 282/394/277 286/415/277 285/416/277 284/417/277
f 283/403/278 287/418/278 285/419/278 286/420/278
f 288/393/279 291/421/279 292/422/279 294/423/279
f 289/401/280 293/424/280 292/425/280 291/426/280
f 290/404/281 294/427/281 292/428/281 293/429/281
f 295/430/282 298/431/282 299/432/282 301/433/282
f 296/406/283 300/434/283 299/435/283 298/436/283
f 297/407/284 301/437/284 299/438/284 300/434/284
f 302/400/285 305/439/285 306/440/285 308/441/285
f 303/408/286 307/442/286 306/443/286 305/444/286
f 304/405/287 308/445/287 306/446/287 307/442/287
f 309/447/288 312/448/288 313/449/288 315/450/288
f 310/398/289 314/451/289 313/449/289 312/448/289
f 311/391/290 315/452/290 313/449/290 314/451/290
f 316/402/291 319/453/291 320/454/291 322/455/291
f 317/392/292 321/456/292 320/454/292 319/457/292
f 318/397/293 322/455/293 320/454/293 321/456/293
f 323/458/294 326/459/294 327/460/294 329/461/294
f 324/410/295 328/462/295 327/460/295 326/463/295
f 325/395/296 329/461/296 327/460/296 328/462/296
f 330/399/297 333/464/297 334/465/297 336/466/297
f 331/396/298 335/467/298 334/465/298 333/464/298
f 332/409/299 336/468/299 334/465/299 335/467/299
f 295/430/300 281/411/300 287/414/300 298/431/300
f 298/436/301 287/418/301 283/403/301 296/406/301
f 282/394/302 288/393/302 294/423/302 286/415/302
f 286/420/303 294/427/303 290/404/303 283/403/303
f 289/401/304 302/400/304 308/441/304 293/424/304
f 293/429/305 308/445/305 304/405/305 290/404/305
f 303/408/306 297/407/306 300/434/306 307/442/306
f 307/442/307 300/434/307 296/406/307 304/405/307
f 323/458/308 295/430/308 301/433/308 326/459/308
f 326/463/309 301/437/309 297/407/309 324/410/309
f 302/400/310 330/399/310 336/466/310 305/439/310
f 305/444/311 336/468/311 332/409/311 303/408/311
f 331/396/312 325/395/312 328/462/312 335/467/312
f 335/467/313 328/462/313 324/410/313 332/409/313
f 309/447/314 323/458/314 329/461/314 312/448/314
f 312/448/315 329/461/315 325/395/315 310/398/315
f 330/399/316 316/402/316 322/455/316 333/464/316
f 333/464/317 322/455/317 318/397/317 331/396/317
f 317/392/318 311/391/318 314/451/318 321/456/318
f 321/456/319 314/451/319 310/398/319 318/397/319
f 281/411/320 309/447/320 315/450/320 284/412/320
f 284/417/321 315/452/321 311/391/321 282/394/321
f 316/402/322 289/401/322 291/426/322 319/453/322
f 319/457/323 291/421/323 288/393/323 317/392/323
f 295/430/324 323/458/324 309/447/324 281/411/324
o frame_upright.003_Cube.007
v 1.185500 0.935500 0.000000
v 1.185500 0.927500 0.008000
v 1.177500 0.935500 0.008000
v 1.185500 0.929843 0.002343
v 1.180881 0.930881 0.003381
v 1.179843 0.929843 0.008000
v 1.179843 0.935500 0.002343
v 1.185500 0.927500 1.392000
v 1.185500 0.935500 1.400000
v 1.177500 0.935500 1.392000
v 1.185500 0.929843 1.397657
v 1.180881 0.930881 1.396619
v 1.179843 0.935500 1.397657
v 1.179843 0.929843 1.392000
v 1.185500 0.964500 0.000000
v 1.177500 0.964500 0.008000
v 1.185500 0.972500 0.008000
v 1.179843 0.964500 0.002343
v 1.180881 0.969119 0.003381
v 1.179843 0.970157 0.008000
v 1.185500 0.970157 0.002343
v 1.185500 0.964500 1.400000
v 1.185500 0.972500 1.392000
v 1.177500 0.964500 1.392000
v 1.185500 0.970157 1.397657
v 1.180881 0.969119 1.396619
v 1.179843 0.970157 1.392000
v 1.179843 0.964500 1.397657
v 1.214500 0.935500 0.000000
v 1.222500 0.935500 0.008000
v 1.214500 0.927500 0.008000
v 1.220157 0.935500 0.002343
v 1.219119 0.930881 0.003381
v 1.220157 0.929843 0.008000
v 1.214500 0.929843 0.002343
v 1.214500 0.935500 1.400000
v 1.214500 0.927500 1.392000
v 1.222500 0.935500 1.392000
v 1.214500 0.929843 1.397657
v 1.219119 0.930881 1.396619
v 1.220157 0.929843 1.392000
v 1.220157 0.935500 1.397657
v 1.214500 0.964500 0.000000
v 1.214500 0.972500 0.008000
v 1.222500 0.964500 0.008000
v 1.214500 0.970157 0.002343
v 1.219119 0.969119 0.003381
v 1.220157 0.970157 0.008000
v 1.220157 0.964500 0.002343
v 1.214500 0.964500 1.400000
v 1.222500 0.964500 1.392000
v 1.214500 0.972500 1.392000
v 1.220157 0.964500 1.397657
v 1.219119 0.969119 1.396619
v 1.220157 0.970157 1.392000
v 1.214500 0.970157 1.397657
vt 0.376429 0.794444
vt 0.623571 0.794445
vt 0.623571 0.955555
vt 0.376429 0.955556
vt 0.376429 0.544444
vt 0.623571 0.544444
vt 0.623571 0.705556
vt 0.376429 0.705556
vt 0.669444 0.544444
vt 0.830556 0.544444
vt 0.830555 0.705556
vt 0.669444 0.705556
vt 0.376429 0.044444
vt 0.623571 0.044444
vt 0.623571 0.205556
vt 0.376429 0.205556
vt 0.376429 0.294444
vt 0.623571 0.294444
vt 0.623571 0.455556
vt 0.376429 0.455556
vt 0.169444 0.705556
vt 0.169444 0.750000
vt 0.143784 0.750000
vt 0.125000 0.705555
vt 0.376429 1.000000
vt 0.375604 1.000000
vt 0.375000 0.955556
vt 0.375000 0.044444
vt 0.375000 0.018784
vt 0.376429 0.000000
vt 0.625000 0.955556
vt 0.625000 0.981216
vt 0.623571 1.000000
vt 0.875000 0.705556
vt 0.875000 0.731216
vt 0.830556 0.750000
vt 0.623571 0.000000
vt 0.624396 0.000000
vt 0.625000 0.044444
vt 0.169444 0.544444
vt 0.125000 0.544444
vt 0.125000 0.518784
vt 0.169444 0.500000
vt 0.376429 0.250000
vt 0.375604 0.250000
vt 0.375000 0.205556
vt 0.375000 0.294444
vt 0.375000 0.268784
vt 0.830556 0.500000
vt 0.856216 0.500000
vt 0.875000 0.544444
vt 0.623571 0.250000
vt 0.624396 0.250000
vt 0.625000 0.294444
vt 0.625000 0.205556
vt 0.625000 0.231216
vt 0.330556 0.705556
vt 0.375000 0.705556
vt 0.375201 0.750000
vt 0.330556 0.750000
vt 0.376429 0.750000
vt 0.375000 0.794444
vt 0.669444 0.750000
vt 0.631060 0.743739
vt 0.625000 0.705555
vt 0.623571 0.750000
vt 0.625000 0.794444
vt 0.330556 0.544444
vt 0.330556 0.500000
vt 0.368940 0.506261
vt 0.375000 0.544444
vt 0.376429 0.500000
vt 0.375000 0.455556
vt 0.625000 0.544444
vt 0.624799 0.500000
vt 0.669444 0.500000
vt 0.623571 0.500000
vt 0.625000 0.455556
vn 0.0000 -1.0000 0.0000
vn 1.0000 0.0000 0.0000
vn 0.0000 0.0000 1.0000
vn -1.0000 0.0000 0.0000
vn 0.0000 1.0000 0.0000
vn -0.3251 -0.3251 -0.8881
vn -0.3251 -0.8881 -0.3251
vn -0.8881 -0.3251 -0.3251
vn -0.3251 -0.8881 0.3251
vn -0.3251 -0.3251 0.8881
vn -0.8881 -0.3251 0.3251
vn -0.3251 0.3251 -0.8881
vn -0.8881 0.3251 -0.3251
vn -0.3251 0.8881 -0.3250
vn -0.3251 0.3251 0.8881
vn -0.3251 0.8881 0.3251
vn -0.8881 0.3251 0.3251
vn 0.3251 -0.3251 -0.8881
vn 0.8881 -0.3251 -0.3251
vn 0.3251 -0.8881 -0.3251
vn 0.3251 -0.3251 0.8881
vn 0.3251 -0.8881 0.3251
vn 0.8881 -0.3251 0.3251
vn 0.3251 0.3251 -0.8881
vn 0.3251 0.8881 -0.3251
vn 0.8881 0.3251 -0.3251
vn 0.3251 0.3251 0.8881
vn 0.8881 0.3251 0.3251
vn 0.3251 0.8881 0.3251
vn -0.3827 0.0000 -0.9239
vn -0.9239 0.0000 -0.3827
vn -0.3827 -0.9239 0.0000
vn -0.9239 -0.3827 0.0000
vn -0.3827 0.0000 0.9239
vn -0.9239 0.0000 0.3827
vn -0.3827 0.9239 0.0000
vn -0.9239 0.3827 0.0000
vn 0.0000 0.3827 -0.9239
vn 0.0000 0.9239 -0.3827
vn 0.0000 0.3827 0.9239
vn 0.0000 0.9239 0.3827
vn 0.9239 0.3827 0.0000
vn 0.3827 0.9239 0.0000
vn 0.3827 0.0000 -0.9239
vn 0.9239 0.0000 -0.3827
vn 0.3827 0.0000 0.9239
vn 0.9239 0.0000 0.3827
vn 0.3827 -0.9239 0.0000
vn 0.9239 -0.3827 0.0000
vn 0.0000 -0.3827 -0.9239
vn 0.0000 -0.9239 -0.3827
vn 0.0000 -0.3827 0.9239
vn 0.0000 -0.9239 0.3827
vn 0.0000 0.0000 -1.0000
s off
f 367/469/325 373/470/325 344/471/325 338/472/325
f 381/473/326 387/474/326 374/475/326 366/476/326
f 386/477/327 358/478/327 345/479/327 372/480/327
f 339/481/328 346/482/328 360/483/328 352/484/328
f 353/485/329 359/486/329 388/487/329 380/488/329
f 337/489/330 340/490/330 341/491/330 343/492/330
f 338/472/331 342/493/331 341/494/331 340/495/331
f 339/481/332 343/496/332 341/497/332 342/498/332
f 344/471/333 347/499/333 348/500/333 350/501/333
f 345/479/334 349/502/334 348/503/334 347/504/334
f 346/482/335 350/505/335 348/506/335 349/507/335
f 351/508/336 354/509/336 355/510/336 357/511/336
f 352/484/337 356/512/337 355/513/337 354/514/337
f 353/485/338 357/515/338 355/516/338 356/512/338
f 358/478/339 361/517/339 362/518/339 364/519/339
f 359/486/340 363/520/340 362/521/340 361/522/340
f 360/483/341 364/523/341 362/524/341 363/520/341
f 365/525/342 368/526/342 369/527/342 371/528/342
f 366/476/343 370/529/343 369/527/343 368/526/343
f 367/469/344 371/530/344 369/527/344 370/529/344
f 372/480/345 375/531/345 376/532/345 378/533/345
f 373/470/346 377/534/346 376/532/346 375/535/346
f 374/475/347 378/533/347 376/532/347 377/534/347
f 379/536/348 382/537/348 383/538/348 385/539/348
f 380/488/349 384/540/349 383/538/349 382/541/349
f 381/473/350 385/539/350 383/538/350 384/540/350
f 386/477/351 389/542/351 390/543/351 392/544/351
f 387/474/352 391/545/352 390/543/352 389/542/352
f 388/487/353 392/546/353 390/543/353 391/545/353
f 351/508/354 337/489/354 343/492/354 354/509/354
f 354/514/355 343/496/355 339/481/355 352/484/355
f 338/472/356 344/471/356 350/501/356 342/493/356
f 342/498/357 350/505/357 346/482/357 339/481/357
f 345/479/358 358/478/358 364/519/358 349/502/358
f 349/507/359 364/523/359 360/483/359 346/482/359
f 359/486/360 353/485/360 356/512/360 363/520/360
f 363/520/361 356/512/361 352/484/361 360/483/361
f 379/536/362 351/508/362 357/511/362 382/537/362
f 382/541/363 357/515/363 353/485/363 380/488/363
f 358/478/364 386/477/364 392/544/364 361/517/364
f 361/522/365 392/546/365 388/487/365 359/486/365
f 387/474/366 381/473/366 384/540/366 391/545/366
f 391/545/367 384/540/367 380/488/367 388/487/367
f 365/525/368 379/536/368 385/539/368 368/526/368
f 368/526/369 385/539/369 381/473/369 366/476/369
f 386/477/370 372/480/370 378/533/370 389/542/370
f 389/542/371 378/533/371 374/475/371 387/474/371
f 373/470/372 367/469/372 370/529/372 377/534/372
f 377/534/373 370/529/373 366/476/373 374/475/373
f 337/489/374 365/525/374 371/528/374 340/490/374
f 340/495/375 371/530/375 367/469/375 338/472/375
f 372/480/376 345/479/376 347/504/376 375/531/376
f 375/535/377 347/499/377 344/471/377 373/470/377
f 351/508/378 379/536/378 365/525/378 337/489/378
o anchor_foot_Cube.008
v 1.118000 0.878000 0.000000
v 1.118000 0.870000 0.008000
v 1.110000 0.878000 0.008000
v 1.118000 0.872343 0.002343
v 1.113381 0.873381 0.003381
v 1.112343 0.872343 0.008000
v 1.112343 0.878000 0.002343
v 1.118000 0.870000 0.042000
v 1.118000 0.878000 0.050000
v 1.110000 0.878000 0.042000
v 1.118000 0.872343 0.047657
v 1.113381 0.873381 0.046619
v 1.112343 0.878000 0.047657
v 1.112343 0.872343 0.042000
v 1.118000 1.022000 0.000000
v 1.110000 1.022000 0.008000
v 1.118000 1.030000 0.008000
v 1.112343 1.022000 0.002343
v 1.113381 1.026619 0.003381
v 1.112343 1.027657 0.008000
v 1.118000 1.027657 0.002343
v 1.118000 1.022000 0.050000
v 1.118000 1.030000 0.042000
v 1.110000 1.022000 0.042000
v 1.118000 1.027657 0.047657
v 1.113381 1.026619 0.046619
v 1.112343 1.027657 0.042000
v 1.112343 1.022000 0.047657
v 1.282000 0.878000 0.000000
v 1.290000 0.878000 0.008000
v 1.282000 0.870000 0.008000
v 1.287657 0.878000 0.002343
v 1.286619 0.873381 0.003381
v 1.287657 0.872343 0.008000
v 1.282000 0.872343 0.002343
v 1.282000 0.878000 0.050000
v 1.282000 0.870000 0.042000
v 1.290000 0.878000 0.042000
v 1.282000 0.872343 0.047657
v 1.286619 0.873381 0.046619
v 1.287657 0.872343 0.042000
v 1.287657 0.878000 0.047657
v 1.282000 1.022000 0.000000
v 1.282000 1.030000 0.008000
v 1.290000 1.022000 0.008000
v 1.282000 1.027657 0.002343
v 1.286619 1.026619 0.003381
v 1.287657 1.027657 0.008000
v 1.287657 1.022000 0.002343
v 1.282000 1.022000 0.050000
v 1.290000 1.022000 0.042000
v 1.282000 1.030000 0.042000
v 1.287657 1.022000 0.047657
v 1.286619 1.026619 0.046619
v 1.287657 1.027657 0.042000
v 1.282000 1.027657 0.047657
vt 0.415000 0.761111
vt 0.585000 0.761111
vt 0.585000 0.988889
vt 0.415000 0.988889
vt 0.415000 0.512500
vt 0.585000 0.512500
vt 0.585000 0.737500
vt 0.415000 0.737500
vt 0.636111 0.512500
vt 0.863889 0.512500
vt 0.863889 0.737500
vt 0.636111 0.737500
vt 0.415000 0.012500
vt 0.585000 0.012500
vt 0.585000 0.237500
vt 0.415000 0.237500
vt 0.415000 0.261111
vt 0.585000 0.261111
vt 0.585000 0.488889
vt 0.415000 0.488889
vt 0.136111 0.737500
vt 0.136111 0.750000
vt 0.129696 0.750000
vt 0.125000 0.737500
vt 0.415000 1.000000
vt 0.391906 1.000000
vt 0.375000 0.988889
vt 0.375000 0.012500
vt 0.375000 0.005283
vt 0.415000 0.000000
vt 0.625000 0.988889
vt 0.625000 0.995304
vt 0.585000 1.000000
vt 0.875000 0.737500
vt 0.875000 0.744717
vt 0.863889 0.750000
vt 0.585000 0.000000
vt 0.608094 0.000000
vt 0.625000 0.012500
vt 0.136111 0.512500
vt 0.125000 0.512500
vt 0.125000 0.505283
vt 0.136111 0.500000
vt 0.415000 0.250000
vt 0.391906 0.250000
vt 0.375000 0.237500
vt 0.375000 0.261111
vt 0.375000 0.254696
vt 0.863889 0.500000
vt 0.870304 0.500000
vt 0.875000 0.512500
vt 0.585000 0.250000
vt 0.608094 0.250000
vt 0.625000 0.261111
vt 0.625000 0.237500
vt 0.625000 0.244717
vt 0.363889 0.737500
vt 0.375000 0.737500
vt 0.380635 0.749804
vt 0.363889 0.750000
vt 0.415000 0.750000
vt 0.375000 0.761111
vt 0.636111 0.750000
vt 0.620930 0.748239
vt 0.625000 0.737500
vt 0.585000 0.750000
vt 0.625000 0.761111
vt 0.363889 0.512500
vt 0.363889 0.500000
vt 0.379070 0.501761
vt 0.375000 0.512500
vt 0.415000 0.500000
vt 0.375000 0.488889
vt 0.625000 0.512500
vt 0.619365 0.500196
vt 0.636111 0.500000
vt 0.585000 0.500000
vt 0.625000 0.488889
vn 0.0000 -1.0000 0.0000
vn 1.0000 0.0000 0.0000
vn 0.0000 0.0000 1.0000
vn -1.0000 0.0000 0.0000
vn 0.0000 1.0000 0.0000
vn -0.3251 -0.3251 -0.8881
vn -0.3251 -0.8881 -0.3250
vn -0.8881 -0.3251 -0.3251
vn -0.3251 -0.8881 0.3250
vn -0.3251 -0.3251 0.8881
vn -0.8881 -0.3251 0.3251
vn -0.3251 0.3251 -0.8881
vn -0.8881 0.3251 -0.3251
vn -0.3251 0.8881 -0.3251
vn -0.3251 0.3251 0.8881
vn -0.3251 0.8881 0.3251
vn -0.8881 0.3251 0.3251
vn 0.3251 -0.3251 -0.8881
vn 0.8881 -0.3251 -0.3251
vn 0.3251 -0.8881 -0.3250
vn 0.3251 -0.3251 0.8881
vn 0.3251 -0.8881 0.3250
vn 0.8881 -0.3251 0.3251
vn 0.3251 0.3251 -0.8881
vn 0.3251 0.8881 -0.3251
vn 0.8881 0.3251 -0.3251
vn 0.3251 0.3251 0.8881
vn 0.8881 0.3251 0.3251
vn 0.3251 0.8881 0.3251
vn -0.3827 0.0000 -0.9239
vn -0.9239 0.0000 -0.3827
vn -0.3827 -0.9239 0.0000
vn -0.9239 -0.3827 0.0000
vn -0.3827 0.0000 0.9239
vn -0.9239 0.0000 0.3827
vn -0.3827 0.9239 0.0000
vn -0.9239 0.3827 0.0000
vn 0.0000 0.3827 -0.9239
vn 0.0000 0.9239 -0.3827
vn 0.0000 0.3827 0.9239
vn 0.0000 0.9239 0.3827
vn 0.9239 0.3827 0.0000
vn 0.3827 0.9239 0.0000
vn 0.3827 0.0000 -0.9239
vn 0.9239 0.0000 -0.3827
vn 0.3827 0.0000 0.9239
vn 0.9239 0.0000 0.3827
vn 0.3827 -0.9239 0.0000
vn 0.9239 -0.3827 0.0000
vn 0.0000 -0.3827 -0.9239
vn 0.0000 -0.9239 -0.3827
vn 0.0000 -0.3827 0.9239
vn 0.0000 -0.9239 0.3827
vn 0.0000 0.0000 -1.0000
s off
f 423/547/379 429/548/379 400/549/379 394/550/379
f 437/551/380 443/552/380 430/553/380 422/554/380
f 442/555/381 414/556/381 401/557/381 428/558/381
f 395/559/382 402/560/382 416/561/382 408/562/382
f 409/563/383 415/564/383 444/565/383 436/566/383
f 393/567/384 396/568/384 397/569/384 399/570/384
f 394/550/385 398/571/385 397/572/385 396/573/385
f 395/559/386 399/574/386 397/575/386 398/576/386
f 400/549/387 403/577/387 404/578/387 406/579/387
f 401/557/388 405/580/388 404/581/388 403/582/388
f 402/560/389 406/583/389 404/584/389 405/585/389
f 407/586/390 410/587/390 411/588/390 413/589/390
f 408/562/391 412/590/391 411/591/391 410/592/391
f 409/563/392 413/593/392 411/594/392 412/590/392
f 414/556/393 417/595/393 418/596/393 420/597/393
f 415/564/394 419/598/394 418/599/394 417/600/394
f 416/561/395 420/601/395 418/602/395 419/598/395
f 421/603/396 424/604/396 425/605/396 427/606/396
f 422/554/397 426/607/397 425/605/397 424/604/397
f 423/547/398 427/608/398 425/605/398 426/607/398
f 428/558/399 431/609/399 432/610/399 434/611/399
f 429/548/400 433/612/400 432/610/400 431/613/400
f 430/553/401 434/611/401 432/610/401 433/612/401
f 435/614/402 438/615/402 439/616/402 441/617/402
f 436/566/403 440/618/403 439/616/403 438/619/403
f 437/551/404 441/617/404 439/616/404 440/618/404
f 442/555/405 445/620/405 446/621/405 448/622/405
f 443/552/406 447/623/406 446/621/406 445/620/406
f 444/565/407 448/624/407 446/621/407 447/623/407
f 407/586/408 393/567/408 399/570/408 410/587/408
f 410/592/409 399/574/409 395/559/409 408/562/409
f 394/550/410 400/549/410 406/579/410 398/571/410
f 398/576/411 406/583/411 402/560/411 395/559/411
f 401/557/412 414/556/412 420/597/412 405/580/412
f 405/585/413 420/601/413 416/561/413 402/560/413
f 415/564/414 409/563/414 412/590/414 419/598/414
f 419/598/415 412/590/415 408/562/415 416/561/415
f 435/614/416 407/586/416 413/589/416 438/615/416
f 438/619/417 413/593/417 409/563/417 436/566/417
f 414/556/418 442/555/418 448/622/418 417/595/418
f 417/600/419 448/624/419 444/565/419 415/564/419
f 443/552/420 437/551/420 440/618/420 447/623/420
f 447/623/421 440/618/421 436/566/421 444/565/421
f 421/603/422 435/614/422 441/617/422 424/604/422
f 424/604/423 441/617/423 437/551/423 422/554/423
f 442/555/424 428/558/424 434/611/424 445/620/424
f 445/620/425 434/611/425 430/553/425 443/552/425
f 429/548/426 423/547/426 426/607/426 433/612/426
f 433/612/427 426/607/427 422/554/427 430/553/427
f 393/567/428 421/603/428 427/606/428 396/568/428
f 396/573/429 427/608/429 423/547/429 394/550/429
f 428/558/430 401/557/430 403/582/430 431/609/430
f 431/613/431 403/577/431 400/549/431 429/548/431
f 407/586/432 435/614/432 421/603/432 393/567/432
o safety_fence_bar_Cube.015
v -1.100000 0.948500 0.150000
v -1.100000 0.942500 0.156000
v -1.106000 0.948500 0.156000
v -1.100000 0.944257 0.151757
v -1.103464 0.945036 0.152536
v -1.104243 0.944257 0.156000
v -1.104243 0.948500 0.151757
v -1.100000 0.942500 1.344000
v -1.100000 0.948500 1.350000
v -1.106000 0.948500 1.344000
v -1.100000 0.944257 1.348243
v -1.103464 0.945036 1.347464
v -1.104243 0.948500 1.348243
v -1.104243 0.944257 1.344000
v -1.100000 0.951500 0.150000
v -1.106000 0.951500 0.156000
v -1.100000 0.957500 0.156000
v -1.104243 0.951500 0.151757
v -1.103464 0.954964 0.152536
v -1.104243 0.955743 0.156000
v -1.100000 0.955743 0.151757
v -1.100000 0.951500 1.350000
v -1.100000 0.957500 1.344000
v -1.106000 0.951500 1.344000
v -1.100000 0.955743 1.348243
v -1.103464 0.954964 1.347464
v -1.104243 0.955743 1.344000
v -1.104243 0.951500 1.348243
v -1.100000 0.948500 0.150000
v -1.094000 0.948500 0.156000
v -1.100000 0.942500 0.156000
v -1.095757 0.948500 0.151757
v -1.096536 0.945036 0.152536
v -1.095757 0.944257 0.156000
v -1.100000 0.944257 0.151757
v -1.100000 0.948500 1.350000
v -1.100000 0.942500 1.344000
v -1.094000 0.948500 1.344000
v -1.100000 0.944257 1.348243
v -1.096536 0.945036 1.347464
v -1.095757 0.944257 1.344000
v -1.095757 0.948500 1.348243
v -1.100000 0.951500 0.150000
v -1.100000 0.957500 0.156000
v -1.094000 0.951500 0.156000
v -1.100000 0.955743 0.151757
v -1.096536 0.954964 0.152536
v -1.095757 0.955743 0.156000
v -1.095757 0.951500 0.151757
v -1.100000 0.951500 1.350000
v -1.094000 0.951500 1.344000
v -1.100000 0.957500 1.344000
v -1.095757 0.951500 1.348243
v -1.096536 0.954964 1.347464
v -1.095757 0.955743 1.344000
v -1.100000 0.955743 1.348243
vt 0.376250 0.875000
vt 0.623750 0.875000
vt 0.623750 0.875000
vt 0.376250 0.875000
vt 0.376250 0.600000
vt 0.623750 0.600000
vt 0.623750 0.650000
vt 0.376250 0.650000
vt 0.750000 0.600000
vt 0.750000 0.600000
vt 0.750000 0.650000
vt 0.750000 0.650000
vt 0.376250 0.100000
vt 0.623750 0.100000
vt 0.623750 0.150000
vt 0.376250 0.150000
vt 0.376250 0.375000
vt 0.623750 0.375000
vt 0.623750 0.375000
vt 0.376250 0.375000
vt 0.250000 0.650000
vt 0.250000 0.750000
vt 0.177831 0.750000
vt 0.125000 0.650000
vt 0.376250 1.000000
vt 0.375528 1.000000
vt 0.375000 0.875000
vt 0.375000 0.100000
vt 0.375000 0.042265
vt 0.376250 0.000000
vt 0.625000 0.875000
vt 0.625000 0.947169
vt 0.623750 1.000000
vt 0.875000 0.650000
vt 0.875000 0.707735
vt 0.750000 0.750000
vt 0.623750 0.000000
vt 0.624472 0.000000
vt 0.625000 0.100000
vt 0.250000 0.600000
vt 0.125000 0.600000
vt 0.125000 0.542265
vt 0.250000 0.500000
vt 0.376250 0.250000
vt 0.375528 0.250000
vt 0.375000 0.150000
vt 0.375000 0.375000
vt 0.375000 0.302831
vt 0.376250 0.250000
vt 0.750000 0.500000
vt 0.822169 0.500000
vt 0.875000 0.600000
vt 0.623750 0.250000
vt 0.624472 0.250000
vt 0.625000 0.375000
vt 0.625000 0.150000
vt 0.625000 0.207735
vt 0.250000 0.650000
vt 0.375000 0.650000
vt 0.375176 0.753522
vt 0.250000 0.750000
vt 0.376250 0.750000
vt 0.375000 0.875000
vt 0.376250 0.750000
vt 0.750000 0.750000
vt 0.642434 0.735912
vt 0.625000 0.650000
vt 0.623750 0.750000
vt 0.625000 0.875000
vt 0.250000 0.600000
vt 0.250000 0.500000
vt 0.357566 0.514088
vt 0.375000 0.600000
vt 0.376250 0.500000
vt 0.375000 0.375000
vt 0.376250 0.500000
vt 0.625000 0.600000
vt 0.624824 0.496478
vt 0.750000 0.500000
vt 0.623750 0.500000
vt 0.625000 0.375000
vn 0.0000 0.0000 1.0000
vn 1.0000 0.0000 0.0000
vn -1.0000 0.0000 0.0000
vn -0.3251 -0.3251 -0.8881
vn -0.3250 -0.8881 -0.3250
vn -0.8881 -0.3251 -0.3251
vn -0.3251 -0.8881 0.3251
vn -0.3250 -0.3251 0.8881
vn -0.8881 -0.3250 0.3251
vn -0.3251 0.3251 -0.8881
vn -0.8881 0.3251 -0.3251
vn -0.3250 0.8881 -0.3251
vn -0.3250 0.3251 0.8881
vn -0.3251 0.8881 0.3251
vn -0.8881 0.3250 0.3251
vn 0.3251 -0.3251 -0.8881
vn 0.8881 -0.3251 -0.3251
vn 0.3251 -0.8881 -0.3251
vn 0.3250 -0.3251 0.8881
vn 0.3250 -0.8881 0.3251
vn 0.8881 -0.3251 0.3251
vn 0.3251 0.3251 -0.8881
vn 0.3251 0.8881 -0.3251
vn 0.8881 0.3250 -0.3251
vn 0.3250 0.3251 0.8881
vn 0.8881 0.3251 0.3251
vn 0.3250 0.8881 0.3251
vn -0.3827 0.0000 -0.9239
vn -0.9239 0.0000 -0.3827
vn -0.3827 -0.9239 0.0000
vn -0.9239 -0.3827 0.0000
vn -0.3827 0.0000 0.9239
vn -0.9239 0.0000 0.3827
vn -0.3827 0.9239 0.0000
vn -0.9239 0.3827 0.0000
vn 0.9239 0.3827 0.0000
vn 0.3827 0.9239 0.0000
vn 0.3827 0.0000 -0.9239
vn 0.9239 0.0000 -0.3827
vn 0.3827 0.0000 0.9239
vn 0.9239 0.0000 0.3827
vn 0.3827 -0.9239 0.0000
vn 0.9239 -0.3827 0.0000
s off
f 479/625/433 485/626/433 456/627/433 450/628/433
f 493/629/434 499/630/434 486/631/434 478/632/434
f 498/633/433 470/634/433 457/635/433 484/636/433
f 451/637/435 458/638/435 472/639/435 464/640/435
f 465/641/433 471/642/433 500/643/433 492/644/433
f 449/645/436 452/646/436 453/647/436 455/648/436
f 450/628/437 454/649/437 453/650/437 452/651/437
f 451/637/438 455/652/438 453/653/438 454/654/438
f 456/627/439 459/655/439 460/656/439 462/657/439
f 457/635/440 461/658/440 460/659/440 459/660/440
f 458/638/441 462/661/441 460/662/441 461/663/441
f 463/664/442 466/665/442 467/666/442 469/667/442
f 464/640/443 468/668/443 467/669/443 466/670/443
f 465/641/444 469/671/444 467/672/444 468/673/444
f 470/634/445 473/674/445 474/675/445 476/676/445
f 471/642/446 475/677/446 474/678/446 473/679/446
f 472/639/447 476/680/447 474/681/447 475/677/447
f 477/682/448 480/683/448 481/684/448 483/685/448
f 478/632/449 482/686/449 481/684/449 480/683/449
f 479/625/450 483/687/450 481/684/450 482/688/450
f 484/636/451 487/689/451 488/690/451 490/691/451
f 485/626/452 489/692/452 488/690/452 487/693/452
f 486/631/453 490/691/453 488/690/453 489/692/453
f 491/694/454 494/695/454 495/696/454 497/697/454
f 492/644/455 496/698/455 495/696/455 494/699/455
f 493/629/456 497/697/456 495/696/456 496/700/456
f 498/633/457 501/701/457 502/702/457 504/703/457
f 499/630/458 503/704/458 502/702/458 501/701/458
f 500/643/459 504/705/459 502/702/459 503/704/459
f 463/664/460 449/645/460 455/648/460 466/665/460
f 466/670/461 455/652/461 451/637/461 464/640/461
f 450/628/462 456/627/462 462/657/462 454/649/462
f 454/654/463 462/661/463 458/638/463 451/637/463
f 457/635/464 470/634/464 476/676/464 461/658/464
f 461/663/465 476/680/465 472/639/465 458/638/465
f 471/642/466 465/641/466 468/668/466 475/677/466
f 475/677/467 468/668/467 464/640/467 472/639/467
f 491/694/433 463/664/433 469/667/433 494/695/433
f 494/699/433 469/671/433 465/641/433 492/644/433
f 470/634/433 498/633/433 504/703/433 473/674/433
f 473/679/433 504/705/433 500/643/433 471/642/433
f 499/630/468 493/629/468 496/698/468 503/704/468
f 503/704/469 496/698/469 492/644/469 500/643/469
f 477/682/470 491/694/470 497/697/470 480/683/470
f 480/683/471 497/697/471 493/629/471 478/632/471
f 498/633/472 484/636/472 490/691/472 501/701/472
f 501/701/473 490/691/473 486/631/473 499/630/473
f 485/626/474 479/625/474 482/686/474 489/692/474
f 489/692/475 482/686/475 478/632/475 486/631/475
f 449/645/433 477/682/433 483/685/433 452/646/433
f 452/651/433 483/687/433 479/625/433 450/628/433
f 484/636/433 457/635/433 459/660/433 487/689/433
f 487/693/433 459/655/433 456/627/433 485/626/433
f 463/664/433 491/694/433 477/682/433 449/645/433
o safety_fence_bar.001_Cube.016
v -0.900000 0.948500 0.150000
v -0.900000 0.942500 0.156000
v -0.906000 0.948500 0.156000
v -0.900000 0.944257 0.151757
v -0.903464 0.945036 0.152536
v -0.904243 0.944257 0.156000
v -0.904243 0.948500 0.151757
v -0.900000 0.942500 1.344000
v -0.900000 0.948500 1.350000
v -0.906000 0.948500 1.344000
v -0.900000 0.944257 1.348243
v -0.903464 0.945036 1.347464
v -0.904243 0.948500 1.348243
v -0.904243 0.944257 1.344000
v -0.900000 0.951500 0.150000
v -0.906000 0.951500 0.156000
v -0.900000 0.957500 0.156000
v -0.904243 0.951500 0.151757
v -0.903464 0.954964 0.152536
v -0.904243 0.955743 0.156000
v -0.900000 0.955743 0.151757
v -0.900000 0.951500 1.350000
v -0.900000 0.957500 1.344000
v -0.906000 0.951500 1.344000
v -0.900000 0.955743 1.348243
v -0.903464 0.954964 1.347464
v -0.904243 0.955743 1.344000
v -0.904243 0.951500 1.348243
v -0.900000 0.948500 0.150000
v -0.894000 0.948500 0.156000
v -0.900000 0.942500 0.156000
v -0.895757 0.948500 0.151757
v -0.896536 0.945036 0.152536
v -0.895757 0.944257 0.156000
v -0.900000 0.944257 0.151757
v -0.900000 0.948500 1.350000
v -0.900000 0.942500 1.344000
v -0.894000 0.948500 1.344000
v -0.900000 0.944257 1.348243
v -0.896536 0.945036 1.347464
v -0.895757 0.944257 1.344000
v -0.895757 0.948500 1.348243
v -0.900000 0.951500 0.150000
v -0.900000 0.957500 0.156000
v -0.894000 0.951500 0.156000
v -0.900000 0.955743 0.151757
v -0.896536 0.954964 0.152536
v -0.895757 0.955743 0.156000
v -0.895757 0.951500 0.151757
v -0.900000 0.951500 1.350000
v -0.894000 0.951500 1.344000
v -0.900000 0.957500 1.344000
v -0.895757 0.951500 1.348243
v -0.896536 0.954964 1.347464
v -0.895757 0.955743 1.344000
v -0.900000 0.955743 1.348243
vt 0.376250 0.875000
vt 0.623750 0.875000
vt 0.623750 0.875000
vt 0.376250 0.875000
vt 0.376250 0.600000
vt 0.623750 0.600000
vt 0.623750 0.650000
vt 0.376250 0.650000
vt 0.750000 0.600000
vt 0.750000 0.600000
vt 0.750000 0.650000
vt 0.750000 0.650000
vt 0.376250 0.100000
vt 0.623750 0.100000
vt 0.623750 0.150000
vt 0.376250 0.150000
vt 0.376250 0.375000
vt 0.623750 0.375000
vt 0.623750 0.375000
vt 0.376250 0.375000
vt 0.250000 0.650000
vt 0.250000 0.750000
vt 0.177831 0.750000
vt 0.125000 0.650000
vt 0.376250 1.000000
vt 0.375528 1.000000
vt 0.375000 0.875000
vt 0.375000 0.100000
vt 0.375000 0.042265
vt 0.376250 0.000000
vt 0.625000 0.875000
vt 0.625000 0.947169
vt 0.623750 1.000000
vt 0.875000 0.650000
vt 0.875000 0.707735
vt 0.750000 0.750000
vt 0.623750 0.000000
vt 0.624472 0.000000
vt 0.625000 0.100000
vt 0.250000 0.600000
vt 0.125000 0.600000
vt 0.125000 0.542265
vt 0.250000 0.500000
vt 0.376250 0.250000
vt 0.375528 0.250000
vt 0.375000 0.150000
vt 0.375000 0.375000
vt 0.375000 0.302831
vt 0.376250 0.250000
vt 0.750000 0.500000
vt 0.822169 0.500000
vt 0.875000 0.600000
vt 0.623750 0.250000
vt 0.624472 0.250000
vt 0.625000 0.375000
vt 0.625000 0.150000
vt 0.625000 0.207735
vt 0.250000 0.650000
vt 0.375000 0.650000
vt 0.375176 0.753522
vt 0.250000 0.750000
vt 0.376250 0.750000
vt 0.375000 0.875000
vt 0.376250 0.750000
vt 0.750000 0.750000
vt 0.642434 0.735912
vt 0.625000 0.650000
vt 0.623750 0.750000
vt 0.625000 0.875000
vt 0.250000 0.600000
vt 0.250000 0.500000
vt 0.357566 0.514088
vt 0.375000 0.600000
vt 0.376250 0.500000
vt 0.375000 0.375000
vt 0.376250 0.500000
vt 0.625000 0.600000
vt 0.624824 0.496478
vt 0.750000 0.500000
vt 0.623750 0.500000
vt 0.625000 0.375000
vn 0.0000 0.0000 1.0000
vn 1.0000 0.0000 0.0000
vn -1.0000 0.0000 0.0000
vn -0.3251 -0.3251 -0.8881
vn -0.3251 -0.8881 -0.3251
vn -0.8881 -0.3251 -0.3251
vn -0.3251 -0.8881 0.3251
vn -0.3250 -0.3251 0.8881
vn -0.8881 -0.3251 0.3251
vn -0.3251 0.3251 -0.8881
vn -0.8881 0.3251 -0.3251
vn -0.3251 0.8881 -0.3251
vn -0.3250 0.3251 0.8881
vn -0.3251 0.8881 0.3251
vn -0.8881 0.3251 0.3251
vn 0.3251 -0.3251 -0.8881
vn 0.8881 -0.3251 -0.3251
vn 0.3251 -0.8881 -0.3251
vn 0.3250 -0.3251 0.8881
vn 0.3251 -0.8881 0.3251
vn 0.8881 -0.3251 0.3251
vn 0.3251 0.3251 -0.8881
vn 0.3251 0.8881 -0.3251
vn 0.8881 0.3251 -0.3251
vn 0.3250 0.3251 0.8881
vn 0.8881 0.3251 0.3251
vn 0.3251 0.8881 0.3251
vn -0.3827 0.0000 -0.9239
vn -0.9239 0.0000 -0.3827
vn -0.3827 -0.9239 0.0000
vn -0.9239 -0.3827 0.0000
vn -0.3827 0.0000 0.9239
vn -0.9239 0.0000 0.3827
vn -0.3827 0.9239 0.0000
vn -0.9239 0.3827 0.0000
vn 0.9239 0.3827 0.0000
vn 0.3827 0.9239 0.0000
vn 0.3827 0.0000 -0.9239
vn 0.9239 0.0000 -0.3827
vn 0.3827 0.0000 0.9239
vn 0.9239 0.0000 0.3827
vn 0.3827 -0.9239 0.0000
vn 0.9239 -0.3827 0.0000
s off
f 535/706/476 541/707/476 512/708/476 506/709/476
f 549/710/477 555/711/477 542/712/477 534/713/477
f 554/714/476 526/715/476 513/716/476 540/717/476
f 507/718/478 514/719/478 528/720/478 520/721/478
f 521/722/476 527/723/476 556/724/476 548/725/476
f 505/726/479 508/727/479 509/728/479 511/729/479
f 506/709/480 510/730/480 509/731/480 508/732/480
f 507/718/481 511/733/481 509/734/481 510/735/481
f 512/708/482 515/736/482 516/737/482 518/738/482
f 513/716/483 517/739/483 516/740/483 515/741/483
f 514/719/484 518/742/484 516/743/484 517/744/484
f 519/745/485 522/746/485 523/747/485 525/748/485
f 520/721/486 524/749/486 523/750/486 522/751/486
f 521/722/487 525/752/487 523/753/487 524/754/487
f 526/715/488 529/755/488 530/756/488 532/757/488
f 527/723/489 531/758/489 530/759/489 529/760/489
f 528/720/490 532/761/490 530/762/490 531/758/490
f 533/763/491 536/764/491 537/765/491 539/766/491
f 534/713/492 538/767/492 537/765/492 536/764/492
f 535/706/493 539/768/493 537/765/493 538/769/493
f 540/717/494 543/770/494 544/771/494 546/772/494
f 541/707/495 545/773/495 544/771/495 543/774/495
f 542/712/496 546/772/496 544/771/496 545/773/496
f 547/775/497 550/776/497 551/777/497 553/778/497
f 548/725/498 552/779/498 551/777/498 550/780/498
f 549/710/499 553/778/499 551/777/499 552/781/499
f 554/714/500 557/782/500 558/783/500 560/784/500
f 555/711/501 559/785/501 558/783/501 557/782/501
f 556/724/502 560/786/502 558/783/502 559/785/502
f 519/745/503 505/726/503 511/729/503 522/746/503
f 522/751/504 511/733/504 507/718/504 520/721/504
f 506/709/505 512/708/505 518/738/505 510/730/505
f 510/735/506 518/742/506 514/719/506 507/718/506
f 513/716/507 526/715/507 532/757/507 517/739/507
f 517/744/508 532/761/508 528/720/508 514/719/508
f 527/723/509 521/722/509 524/749/509 531/758/509
f 531/758/510 524/749/510 520/721/510 528/720/510
f 547/775/476 519/745/476 525/748/476 550/776/476
f 550/780/476 525/752/476 521/722/476 548/725/476
f 526/715/476 554/714/476 560/784/476 529/755/476
f 529/760/476 560/786/476 556/724/476 527/723/476
f 555/711/511 549/710/511 552/779/511 559/785/511
f 559/785/512 552/779/512 548/725/512 556/724/512
f 533/763/513 547/775/513 553/778/513 536/764/513
f 536/764/514 553/778/514 549/710/514 534/713/514
f 554/714/515 540/717/515 546/772/515 557/782/515
f 557/782/516 546/772/516 542/712/516 555/711/516
f 541/707/517 535/706/517 538/767/517 545/773/517
f 545/773/518 538/767/518 534/713/518 542/712/518
f 505/726/476 533/763/476 539/766/476 508/727/476
f 508/732/476 539/768/476 535/706/476 506/709/476
f 540/717/476 513/716/476 515/741/476 543/770/476
f 543/774/476 515/736/476 512/708/476 541/707/476
f 519/745/476 547/775/476 533/763/476 505/726/476
o safety_fence_bar.002_Cube.017
v -0.700000 0.948500 0.150000
v -0.700000 0.942500 0.156000
v -0.706000 0.948500 0.156000
v -0.700000 0.944257 0.151757
v -0.703464 0.945036 0.152536
v -0.704243 0.944257 0.156000
v -0.704243 0.948500 0.151757
v -0.700000 0.942500 1.344000
v -0.700000 0.948500 1.350000
v -0.706000 0.948500 1.344000
v -0.700000 0.944257 1.348243
v -0.703464 0.945036 1.347464
v -0.704243 0.948500 1.348243
v -0.704243 0.944257 1.344000
v -0.700000 0.951500 0.150000
v -0.706000 0.951500 0.156000
v -0.700000 0.957500 0.156000
v -0.704243 0.951500 0.151757
v -0.703464 0.954964 0.152536
v -0.704243 0.955743 0.156000
v -0.700000 0.955743 0.151757
v -0.700000 0.951500 1.350000
v -0.700000 0.957500 1.344000
v -0.706000 0.951500 1.344000
v -0.700000 0.955743 1.348243
v -0.703464 0.954964 1.347464
v -0.704243 0.955743 1.344000
v -0.704243 0.951500 1.348243
v -0.700000 0.948500 0.150000
v -0.694000 0.948500 0.156000
v -0.700000 0.942500 0.156000
v -0.695757 0.948500 0.151757
v -0.696536 0.945036 0.152536
v -0.695757 0.944257 0.156000
v -0.700000 0.944257 0.151757
v -0.700000 0.948500 1.350000
v -0.700000 0.942500 1.344000
v -0.694000 0.948500 1.344000
v -0.700000 0.944257 1.348243
v -0.696536 0.945036 1.347464
v -0.695757 0.944257 1.344000
v -0.695757 0.948500 1.348243
v -0.700000 0.951500 0.150000
v -0.700000 0.957500 0.156000
v -0.694000 0.951500 0.156000
v -0.700000 0.955743 0.151757
v -0.696536 0.954964 0.152536
v -0.695757 0.955743 0.156000
v -0.695757 0.951500 0.151757
v -0.700000 0.951500 1.350000
v -0.694000 0.951500 1.344000
v -0.700000 0.957500 1.344000
v -0.695757 0.951500 1.348243
v -0.696536 0.954964 1.347464
v -0.695757 0.955743 1.344000
v -0.700000 0.955743 1.348243
vt 0.376250 0.875000
vt 0.623750 0.875000
vt 0.623750 0.875000
vt 0.376250 0.875000
vt 0.376250 0.600000
vt 0.623750 0.600000
vt 0.623750 0.650000
vt 0.376250 0.650000
vt 0.750000 0.600000
vt 0.750000 0.600000
vt 0.750000 0.650000
vt 0.750000 0.650000
vt 0.376250 0.100000
vt 0.623750 0.100000
vt 0.623750 0.150000
vt 0.376250 0.150000
vt 0.376250 0.375000
vt 0.623750 0.375000
vt 0.623750 0.375000
vt 0.376250 0.375000
vt 0.250000 0.650000
vt 0.250000 0.750000
vt 0.177831 0.750000
vt 0.125000 0.650000
vt 0.376250 1.000000
vt 0.375528 1.000000
vt 0.375000 0.875000
vt 0.375000 0.100000
vt 0.375000 0.042265
vt 0.376250 0.000000
vt 0.625000 0.875000
vt 0.625000 0.947169
vt 0.623750 1.000000
vt 0.875000 0.650000
vt 0.875000 0.707735
vt 0.750000 0.750000
vt 0.623750 0.000000
vt 0.624472 0.000000
vt 0.625000 0.100000
vt 0.250000 0.600000
vt 0.125000 0.600000
vt 0.125000 0.542265
vt 0.250000 0.500000
vt 0.376250 0.250000
vt 0.375528 0.250000
vt 0.375000 0.150000
vt 0.375000 0.375000
vt 0.375000 0.302831
vt 0.376250 0.250000
vt 0.750000 0.500000
vt 0.822169 0.500000
vt 0.875000 0.600000
vt 0.623750 0.250000
vt 0.624472 0.250000
vt 0.625000 0.375000
vt 0.625000 0.150000
vt 0.625000 0.207735
vt 0.250000 0.650000
vt 0.375000 0.650000
vt 0.375176 0.753522
vt 0.250000 0.750000
vt 0.376250 0.750000
vt 0.375000 0.875000
vt 0.376250 0.750000
vt 0.750000 0.750000
vt 0.642434 0.735912
vt 0.625000 0.650000
vt 0.623750 0.750000
vt 0.625000 0.875000
vt 0.250000 0.600000
vt 0.250000 0.500000
vt 0.357566 0.514088
vt 0.375000 0.600000
vt 0.376250 0.500000
vt 0.375000 0.375000
vt 0.376250 0.500000
vt 0.625000 0.600000
vt 0.624824 0.496478
vt 0.750000 0.500000
vt 0.623750 0.500000
vt 0.625000 0.375000
vn 0.0000 0.0000 1.0000
vn 1.0000 0.0000 0.0000
vn -1.0000 0.0000 0.0000
vn -0.3251 -0.3251 -0.8881
vn -0.3251 -0.8881 -0.3251
vn -0.8881 -0.3250 -0.3251
vn -0.3251 -0.8881 0.3251
vn -0.3250 -0.3251 0.8881
vn -0.8881 -0.3250 0.3251
vn -0.3251 0.3251 -0.8881
vn -0.8881 0.3250 -0.3251
vn -0.3251 0.8881 -0.3251
vn -0.3250 0.3251 0.8881
vn -0.3251 0.8881 0.3251
vn -0.8881 0.3251 0.3251
vn 0.3251 -0.3251 -0.8881
vn 0.8881 -0.3251 -0.3251
vn 0.3251 -0.8881 -0.3251
vn 0.3250 -0.3251 0.8881
vn 0.3251 -0.8881 0.3251
vn 0.8881 -0.3251 0.3251
vn 0.3251 0.3251 -0.8881
vn 0.3251 0.8881 -0.3250
vn 0.8881 0.3251 -0.3251
vn 0.3250 0.3251 0.8881
vn 0.8881 0.3251 0.3251
vn 0.3251 0.8881 0.3251
vn -0.3827 0.0000 -0.9239
vn -0.9239 0.0000 -0.3827
vn -0.3827 -0.9239 0.0000
vn -0.9239 -0.3827 0.0000
vn -0.3827 0.0000 0.9239
vn -0.9239 0.0000 0.3827
vn -0.3827 0.9239 0.0000
vn -0.9239 0.3827 0.0000
vn 0.9239 0.3827 0.0000
vn 0.3827 0.9239 0.0000
vn 0.3827 0.0000 -0.9239
vn 0.9239 0.0000 -0.3827
vn 0.3827 0.0000 0.9239
vn 0.9239 0.0000 0.3827
vn 0.3827 -0.9239 0.0000
vn 0.9239 -0.3827 0.0000
s off
f 591/787/519 597/788/519 568/789/519 562/790/519
f 605/791/520 611/792/520 598/793/520 590/794/520
f 610/795/519 582/796/519 569/797/519 596/798/519
f 563/799/521 570/800/521 584/801/521 576/802/521
f 577/803/519 583/804/519 612/805/519 604/806/519
f 561/807/522 564/808/522 565/809/522 567/810/522
f 562/790/523 566/811/523 565/812/523 564/813/523
f 563/799/524 567/814/524 565/815/524 566/816/524
f 568/789/525 571/817/525 572/818/525 574/819/525
f 569/797/526 573/820/526 572/821/526 571/822/526
f 570/800/527 574/823/527 572/824/527 573/825/527
f 575/826/528 578/827/528 579/828/528 581/829/528
f 576/802/529 580/830/529 579/831/529 578/832/529
f 577/803/530 581/833/530 579/834/530 580/835/530
f 582/796/531 585/836/531 586/837/531 588/838/531
f 583/804/532 587/839/532 586/840/532 585/841/532
f 584/801/533 588/842/533 586/843/533 587/839/533
f 589/844/534 592/845/534 593/846/534 595/847/534
f 590/794/535 594/848/535 593/846/535 592/845/535
f 591/787/536 595/849/536 593/846/536 594/850/536
f 596/798/537 599/851/537 600/852/537 602/853/537
f 597/788/538 601/854/538 600/852/538 599/855/538
f 598/793/539 602/853/539 600/852/539 601/854/539
f 603/856/540 606/857/540 607/858/540 609/859/540
f 604/806/541 608/860/541 607/858/541 606/861/541
f 605/791/542 609/859/542 607/858/542 608/862/542
f 610/795/543 613/863/543 614/864/543 616/865/543
f 611/792/544 615/866/544 614/864/544 613/863/544
f 612/805/545 616/867/545 614/864/545 615/866/545
f 575/826/546 561/807/546 567/810/546 578/827/546
f 578/832/547 567/814/547 563/799/547 576/802/547
f 562/790/548 568/789/548 574/819/548 566/811/548
f 566/816/549 574/823/549 570/800/549 563/799/549
f 569/797/550 582/796/550 588/838/550 573/820/550
f 573/825/551 588/842/551 584/801/551 570/800/551
f 583/804/552 577/803/552 580/830/552 587/839/552
f 587/839/553 580/830/553 576/802/553 584/801/553
f 603/856/519 575/826/519 581/829/519 606/857/519
f 606/861/519 581/833/519 577/803/519 604/806/519
f 582/796/519 610/795/519 616/865/519 585/836/519
f 585/841/519 616/867/519 612/805/519 583/804/519
f 611/792/554 605/791/554 608/860/554 615/866/554
f 615/866/555 608/860/555 604/806/555 612/805/555
f 589/844/556 603/856/556 609/859/556 592/845/556
f 592/845/557 609/859/557 605/791/557 590/794/557
f 610/795/558 596/798/558 602/853/558 613/863/558
f 613/863/559 602/853/559 598/793/559 611/792/559
f 597/788/560 591/787/560 594/848/560 601/854/560
f 601/854/561 594/848/561 590/794/561 598/793/561
f 561/807/519 589/844/519 595/847/519 564/808/519
f 564/813/519 595/849/519 591/787/519 562/790/519
f 596/798/519 569/797/519 571/822/519 599/851/519
f 599/855/519 571/817/519 568/789/519 597/788/519
f 575/826/519 603/856/519 589/844/519 561/807/519
o safety_fence_bar.003_Cube.018
v -0.500000 0.948500 0.150000
v -0.500000 0.942500 0.156000
v -0.506000 0.948500 0.156000
v -0.500000 0.944257 0.151757
v -0.503464 0.945036 0.152536
v -0.504243 0.944257 0.156000
v -0.504243 0.948500 0.151757
v -0.500000 0.942500 1.344000
v -0.500000 0.948500 1.350000
v -0.506000 0.948500 1.344000
v -0.500000 0.944257 1.348243
v -0.503464 0.945036 1.347464
v -0.504243 0.948500 1.348243
v -0.504243 0.944257 1.344000
v -0.500000 0.951500 0.150000
v -0.506000 0.951500 0.156000
v -0.500000 0.957500 0.156000
v -0.504243 0.951500 0.151757
v -0.503464 0.954964 0.152536
v -0.504243 0.955743 0.156000
v -0.500000 0.955743 0.151757
v -0.500000 0.951500 1.350000
v -0.500000 0.957500 1.344000
v -0.506000 0.951500 1.344000
v -0.500000 0.955743 1.348243
v -0.503464 0.954964 1.347464
v -0.504243 0.955743 1.344000
v -0.504243 0.951500 1.348243
v -0.500000 0.948500 0.150000
v -0.494000 0.948500 0.156000
v -0.500000 0.942500 0.156000
v -0.495757 0.948500 0.151757
v -0.496536 0.945036 0.152536
v -0.495757 0.944257 0.156000
v -0.500000 0.944257 0.151757
v -0.500000 0.948500 1.350000
v -0.500000 0.942500 1.344000
v -0.494000 0.948500 1.344000
v -0.500000 0.944257 1.348243
v -0.496536 0.945036 1.347464
v -0.495757 0.944257 1.344000
v -0.495757 0.948500 1.348243
v -0.500000 0.951500 0.150000
v -0.500000 0.957500 0.156000
v -0.494000 0.951500 0.156000
v -0.500000 0.955743 0.151757
v -0.496536 0.954964 0.152536
v -0.495757 0.955743 0.156000
v -0.495757 0.951500 0.151757
v -0.500000 0.951500 1.350000
v -0.494000 0.951500 1.344000
v -0.500000 0.957500 1.344000
v -0.495757 0.951500 1.348243
v -0.496536 0.954964 1.347464
v -0.495757 0.955743 1.344000
v -0.500000 0.955743 1.348243
vt 0.376250 0.875000
vt 0.623750 0.875000
vt 0.623750 0.875000
vt 0.376250 0.875000
vt 0.376250 0.600000
vt 0.623750 0.600000
vt 0.623750 0.650000
vt 0.376250 0.650000
vt 0.750000 0.600000
vt 0.750000 0.600000
vt 0.750000 0.650000
vt 0.750000 0.650000
vt 0.376250 0.100000
vt 0.623750 0.100000
vt 0.623750 0.150000
vt 0.376250 0.150000
vt 0.376250 0.375000
vt 0.623750 0.375000
vt 0.623750 0.375000
vt 0.376250 0.375000
vt 0.250000 0.650000
vt 0.250000 0.750000
vt 0.177831 0.750000
vt 0.125000 0.650000
vt 0.376250 1.000000
vt 0.375528 1.000000
vt 0.375000 0.875000
vt 0.375000 0.100000
vt 0.375000 0.042265
vt 0.376250 0.000000
vt 0.625000 0.875000
vt 0.625000 0.947169
vt 0.623750 1.000000
vt 0.875000 0.650000
vt 0.875000 0.707735
vt 0.750000 0.750000
vt 0.623750 0.000000
vt 0.624472 0.000000
vt 0.625000 0.100000
vt 0.250000 0.600000
vt 0.125000 0.600000
vt 0.125000 0.542265
vt 0.250000 0.500000
vt 0.376250 0.250000
vt 0.375528 0.250000
vt 0.375000 0.150000
vt 0.375000 0.375000
vt 0.375000 0.302831
vt 0.376250 0.250000
vt 0.750000 0.500000
vt 0.822169 0.500000
vt 0.875000 0.600000
vt 0.623750 0.250000
vt 0.624472 0.250000
vt 0.625000 0.375000
vt 0.625000 0.150000
vt 0.625000 0.207735
vt 0.250000 0.650000
vt 0.375000 0.650000
vt 0.375176 0.753522
vt 0.250000 0.750000
vt 0.376250 0.750000
vt 0.375000 0.875000
vt 0.376250 0.750000
vt 0.750000 0.750000
vt 0.642434 0.735912
vt 0.625000 0.650000
vt 0.623750 0.750000
vt 0.625000 0.875000
vt 0.250000 0.600000
vt 0.250000 0.500000
vt 0.357566 0.514088
vt 0.375000 0.600000
vt 0.376250 0.500000
vt 0.375000 0.375000
vt 0.376250 0.500000
vt 0.625000 0.600000
vt 0.624824 0.496478
vt 0.750000 0.500000
vt 0.623750 0.500000
vt 0.625000 0.375000
vn 0.0000 0.0000 1.0000
vn 1.0000 0.0000 0.0000
vn -1.0000 0.0000 0.0000
vn -0.3251 -0.3251 -0.8881
vn -0.3251 -0.8881 -0.3251
vn -0.8881 -0.3251 -0.3251
vn -0.3251 -0.8881 0.3251
vn -0.3250 -0.3251 0.8881
vn -0.8881 -0.3251 0.3251
vn -0.3251 0.3251 -0.8881
vn -0.8881 0.3251 -0.3251
vn -0.3251 0.8881 -0.3251
vn -0.3250 0.3251 0.8881
vn -0.3251 0.8881 0.3251
vn -0.8881 0.3251 0.3251
vn 0.3251 -0.3251 -0.8881
vn 0.8881 -0.3251 -0.3251
vn 0.3251 -0.8881 -0.3250
vn 0.3250 -0.3251 0.8881
vn 0.3251 -0.8881 0.3250
vn 0.8881 -0.3250 0.3251
vn 0.3251 0.3251 -0.8881
vn 0.3251 0.8881 -0.3251
vn 0.8881 0.3251 -0.3251
vn 0.3250 0.3251 0.8881
vn 0.8881 0.3250 0.3251
vn 0.3250 0.8881 0.3251
vn -0.3827 0.0000 -0.9239
vn -0.9239 0.0000 -0.3827
vn -0.3827 -0.9239 0.0000
vn -0.9239 -0.3827 0.0000
vn -0.3827 0.0000 0.9239
vn -0.9239 0.0000 0.3827
vn -0.3827 0.9239 0.0000
vn -0.9239 0.3827 0.0000
vn 0.9239 0.3827 0.0000
vn 0.3827 0.9239 0.0000
vn 0.3827 0.0000 -0.9239
vn 0.9239 0.0000 -0.3827
vn 0.3827 0.0000 0.9239
vn 0.9239 0.0000 0.3827
vn 0.3827 -0.9239 0.0000
vn 0.9239 -0.3827 0.0000
s off
f 647/868/562 653/869/562 624/870/562 618/871/562
f 661/872/563 667/873/563 654/874/563 646/875/563
f 666/876/562 638/877/562 625/878/562 652/879/562
f 619/880/564 626/881/564 640/882/564 632/883/564
f 633/884/562 639/885/562 668/886/562 660/887/562
f 617/888/565 620/889/565 621/890/565 623/891/565
f 618/871/566 622/892/566 621/893/566 620/894/566
f 619/880/567 623/895/567 621/896/567 622/897/567
f 624/870/568 627/898/568 628/899/568 630/900/568
f 625/878/569 629/901/569 628/902/569 627/903/569
f 626/881/570 630/904/570 628/905/570 629/906/570
f 631/907/571 634/908/571 635/909/571 637/910/571
f 632/883/572 636/911/572 635/912/572 634/913/572
f 633/884/573 637/914/573 635/915/573 636/916/573
f 638/877/574 641/917/574 642/918/574 644/919/574
f 639/885/575 643/920/575 642/921/575 641/922/575
f 640/882/576 644/923/576 642/924/576 643/920/576
f 645/925/577 648/926/577 649/927/577 651/928/577
f 646/875/578 650/929/578 649/927/578 648/926/578
f 647/868/579 651/930/579 649/927/579 650/931/579
f 652/879/580 655/932/580 656/933/580 658/934/580
f 653/869/581 657/935/581 656/933/581 655/936/581
f 654/874/582 658/934/582 656/933/582 657/935/582
f 659/937/583 662/938/583 663/939/583 665/940/583
f 660/887/584 664/941/584 663/939/584 662/942/584
f 661/872/585 665/940/585 663/939/585 664/943/585
f 666/876/586 669/944/586 670/945/586 672/946/586
f 667/873/587 671/947/587 670/945/587 669/944/587
f 668/886/588 672/948/588 670/945/588 671/947/588
f 631/907/589 617/888/589 623/891/589 634/908/589
f 634/913/590 623/895/590 619/880/590 632/883/590
f 618/871/591 624/870/591 630/900/591 622/892/591
f 622/897/592 630/904/592 626/881/592 619/880/592
f 625/878/593 638/877/593 644/919/593 629/901/593
f 629/906/594 644/923/594 640/882/594 626/881/594
f 639/885/595 633/884/595 636/911/595 643/920/595
f 643/920/596 636/911/596 632/883/596 640/882/596
f 659/937/562 631/907/562 637/910/562 662/938/562
f 662/942/562 637/914/562 633/884/562 660/887/562
f 638/877/562 666/876/562 672/946/562 641/917/562
f 641/922/562 672/948/562 668/886/562 639/885/562
f 667/873/597 661/872/597 664/941/597 671/947/597
f 671/947/598 664/941/598 660/887/598 668/886/598
f 645/925/599 659/937/599 665/940/599 648/926/599
f 648/926/600 665/940/600 661/872/600 646/875/600
f 666/876/601 652/879/601 658/934/601 669/944/601
f 669/944/602 658/934/602 654/874/602 667/873/602
f 653/869/603 647/868/603 650/929/603 657/935/603
f 657/935/604 650/929/604 646/875/604 654/874/604
f 617/888/562 645/925/562 651/928/562 620/889/562
f 620/894/562 651/930/562 647/868/562 618/871/562
f 652/879/562 625/878/562 627/903/562 655/932/562
f 655/936/562 627/898/562 624/870/562 653/869/562
f 631/907/562 659/937/562 645/925/562 617/888/562
o safety_fence_bar.004_Cube.019
v -0.300000 0.948500 0.150000
v -0.300000 0.942500 0.156000
v -0.306000 0.948500 0.156000
v -0.300000 0.944257 0.151757
v -0.303464 0.945036 0.152536
v -0.304243 0.944257 0.156000
v -0.304243 0.948500 0.151757
v -0.300000 0.942500 1.344000
v -0.300000 0.948500 1.350000
v -0.306000 0.948500 1.344000
v -0.300000 0.944257 1.348243
v -0.303464 0.945036 1.347464
v -0.304243 0.948500 1.348243
v -0.304243 0.944257 1.344000
v -0.300000 0.951500 0.150000
v -0.306000 0.951500 0.156000
v -0.300000 0.957500 0.156000
v -0.304243 0.951500 0.151757
v -0.303464 0.954964 0.152536
v -0.304243 0.955743 0.156000
v -0.300000 0.955743 0.151757
v -0.300000 0.951500 1.350000
v -0.300000 0.957500 1.344000
v -0.306000 0.951500 1.344000
v -0.300000 0.955743 1.348243
v -0.303464 0.954964 1.347464
v -0.304243 0.955743 1.344000
v -0.304243 0.951500 1.348243
v -0.300000 0.948500 0.150000
v -0.294000 0.948500 0.156000
v -0.300000 0.942500 0.156000
v -0.295757 0.948500 0.151757
v -0.296536 0.945036 0.152536
v -0.295757 0.944257 0.156000
v -0.300000 0.944257 0.151757
v -0.300000 0.948500 1.350000
v -0.300000 0.942500 1.344000
v -0.294000 0.948500 1.344000
v -0.300000 0.944257 1.348243
v -0.296536 0.945036 1.347464
v -0.295757 0.944257 1.344000
v -0.295757 0.948500 1.348243
v -0.300000 0.951500 0.150000
v -0.300000 0.957500 0.156000
v -0.294000 0.951500 0.156000
v -0.300000 0.955743 0.151757
v -0.296536 0.954964 0.152536
v -0.295757 0.955743 0.156000
v -0.295757 0.951500 0.151757
v -0.300000 0.951500 1.350000
v -0.294000 0.951500 1.344000
v -0.300000 0.957500 1.344000
v -0.295757 0.951500 1.348243
v -0.296536 0.954964 1.347464
v -0.295757 0.955743 1.344000
v -0.300000 0.955743 1.348243
vt 0.376250 0.875000
vt 0.623750 0.875000
vt 0.623750 0.875000
vt 0.376250 0.875000
vt 0.376250 0.600000
vt 0.623750 0.600000
vt 0.623750 0.650000
vt 0.376250 0.650000
vt 0.750000 0.600000
vt 0.750000 0.600000
vt 0.750000 0.650000
vt 0.750000 0.650000
vt 0.376250 0.100000
vt 0.623750 0.100000
vt 0.623750 0.150000
vt 0.376250 0.150000
vt 0.376250 0.375000
vt 0.623750 0.375000
vt 0.623750 0.375000
vt 0.376250 0.375000
vt 0.250000 0.650000
vt 0.250000 0.750000
vt 0.177831 0.750000
vt 0.125000 0.650000
vt 0.376250 1.000000
vt 0.375528 1.000000
vt 0.375000 0.875000
vt 0.375000 0.100000
vt 0.375000 0.042265
vt 0.376250 0.000000
vt 0.625000 0.875000
vt 0.625000 0.947169
vt 0.623750 1.000000
vt 0.875000 0.650000
vt 0.875000 0.707735
vt 0.750000 0.750000
vt 0.623750 0.000000
vt 0.624472 0.000000
vt 0.625000 0.100000
vt 0.250000 0.600000
vt 0.125000 0.600000
vt 0.125000 0.542265
vt 0.250000 0.500000
vt 0.376250 0.250000
vt 0.375528 0.250000
vt 0.375000 0.150000
vt 0.375000 0.375000
vt 0.375000 0.302831
vt 0.376250 0.250000
vt 0.750000 0.500000
vt 0.822169 0.500000
vt 0.875000 0.600000
vt 0.623750 0.250000
vt 0.624472 0.250000
vt 0.625000 0.375000
vt 0.625000 0.150000
vt 0.625000 0.207735
vt 0.250000 0.650000
vt 0.375000 0.650000
vt 0.375176 0.753522
vt 0.250000 0.750000
vt 0.376250 0.750000
vt 0.375000 0.875000
vt 0.376250 0.750000
vt 0.750000 0.750000
vt 0.642434 0.735912
vt 0.625000 0.650000
vt 0.623750 0.750000
vt 0.625000 0.875000
vt 0.250000 0.600000
vt 0.250000 0.500000
vt 0.357566 0.514088
vt 0.375000 0.600000
vt 0.376250 0.500000
vt 0.375000 0.375000
vt 0.376250 0.500000
vt 0.625000 0.600000
vt 0.624824 0.496478
vt 0.750000 0.500000
vt 0.623750 0.500000
vt 0.625000 0.375000
vn 0.0000 0.0000 1.0000
vn 1.0000 0.0000 0.0000
vn -1.0000 0.0000 0.0000
vn -0.3251 -0.3251 -0.8881
vn -0.3251 -0.8881 -0.3250
vn -0.8881 -0.3250 -0.3251
vn -0.3251 -0.8881 0.3251
vn -0.3250 -0.3251 0.8881
vn -0.8881 -0.3250 0.3251
vn -0.3251 0.3251 -0.8881
vn -0.8881 0.3250 -0.3251
vn -0.3251 0.8881 -0.3251
vn -0.3250 0.3251 0.8881
vn -0.3250 0.8881 0.3251
vn -0.8881 0.3250 0.3251
vn 0.3251 -0.3251 -0.8881
vn 0.8881 -0.3251 -0.3251
vn 0.3251 -0.8881 -0.3250
vn 0.3250 -0.3251 0.8881
vn 0.3251 -0.8881 0.3250
vn 0.8881 -0.3251 0.3251
vn 0.3251 0.3251 -0.8881
vn 0.3251 0.8881 -0.3251
vn 0.8881 0.3251 -0.3251
vn 0.3250 0.3251 0.8881
vn 0.8881 0.3251 0.3251
vn 0.3251 0.8881 0.3251
vn -0.3827 0.0000 -0.9239
vn -0.9239 0.0000 -0.3827
vn -0.3827 -0.9239 0.0000
vn -0.9239 -0.3827 0.0000
vn -0.3827 0.0000 0.9239
vn -0.9239 0.0000 0.3827
vn -0.3827 0.9239 0.0000
vn -0.9239 0.3827 0.0000
vn 0.9239 0.3827 0.0000
vn 0.3827 0.9239 0.0000
vn 0.3827 0.0000 -0.9239
vn 0.9239 0.0000 -0.3827
vn 0.3827 0.0000 0.9239
vn 0.9239 0.0000 0.3827
vn 0.3827 -0.9239 0.0000
vn 0.9239 -0.3827 0.0000
s off
f 703/949/605 709/950/605 680/951/605 674/952/605
f 717/953/606 723/954/606 710/955/606 702/956/606
f 722/957/605 694/958/605 681/959/605 708/960/605
f 675/961/607 682/962/607 696/963/607 688/964/607
f 689/965/605 695/966/605 724/967/605 716/968/605
f 673/969/608 676/970/608 677/971/608 679/972/608
f 674/952/609 678/973/609 677/974/609 676/975/609
f 675/961/610 679/976/610 677/977/610 678/978/610
f 680/951/611 683/979/611 684/980/611 686/981/611
f 681/959/612 685/982/612 684/983/612 683/984/612
f 682/962/613 686/985/613 684/986/613 685/987/613
f 687/988/614 690/989/614 691/990/614 693/991/614
f 688/964/615 692/992/615 691/993/615 690/994/615
f 689/965/616 693/995/616 691/996/616 692/997/616
f 694/958/617 697/998/617 698/999/617 700/1000/617
f 695/966/618 699/1001/618 698/1002/618 697/1003/618
f 696/963/619 700/1004/619 698/1005/619 699/1001/619
f 701/1006/620 704/1007/620 705/1008/620 707/1009/620
f 702/956/621 706/1010/621 705/1008/621 704/1007/621
f 703/949/622 707/1011/622 705/1008/622 706/1012/622
f 708/960/623 711/1013/623 712/1014/623 714/1015/623
f 709/950/624 713/1016/624 712/1014/624 711/1017/624
f 710/955/625 714/1015/625 712/1014/625 713/1016/625
f 715/1018/626 718/1019/626 719/1020/626 721/1021/626
f 716/968/627 720/1022/627 719/1020/627 718/1023/627
f 717/953/628 721/1021/628 719/1020/628 720/1024/628
f 722/957/629 725/1025/629 726/1026/629 728/1027/629
f 723/954/630 727/1028/630 726/1026/630 725/1025/630
f 724/967/631 728/1029/631 726/1026/631 727/1028/631
f 687/988/632 673/969/632 679/972/632 690/989/632
f 690/994/633 679/976/633 675/961/633 688/964/633
f 674/952/634 680/951/634 686/981/634 678/973/634
f 678/978/635 686/985/635 682/962/635 675/961/635
f 681/959/636 694/958/636 700/1000/636 685/982/636
f 685/987/637 700/1004/637 696/963/637 682/962/637
f 695/966/638 689/965/638 692/992/638 699/1001/638
f 699/1001/639 692/992/639 688/964/639 696/963/639
f 715/1018/605 687/988/605 693/991/605 718/1019/605
f 718/1023/605 693/995/605 689/965/605 716/968/605
f 694/958/605 722/957/605 728/1027/605 697/998/605
f 697/1003/605 728/1029/605 724/967/605 695/966/605
f 723/954/640 717/953/640 720/1022/640 727/1028/640
f 727/1028/641 720/1022/641 716/968/641 724/967/641
f 701/1006/642 715/1018/642 721/1021/642 704/1007/642
f 704/1007/643 721/1021/643 717/953/643 702/956/643
f 722/957/644 708/960/644 714/1015/644 725/1025/644
f 725/1025/645 714/1015/645 710/955/645 723/954/645
f 709/950/646 703/949/646 706/1010/646 713/1016/646
f 713/1016/647 706/1010/647 702/956/647 710/955/647
f 673/969/605 701/1006/605 707/1009/605 676/970/605
f 676/975/605 707/1011/605 703/949/605 674/952/605
f 708/960/605 681/959/605 683/984/605 711/1013/605
f 711/1017/605 683/979/605 680/951/605 709/950/605
f 687/988/605 715/1018/605 701/1006/605 673/969/605
o safety_fence_bar.005_Cube.020
v -0.100000 0.948500 0.150000
v -0.100000 0.942500 0.156000
v -0.106000 0.948500 0.156000
v -0.100000 0.944257 0.151757
v -0.103464 0.945036 0.152536
v -0.104243 0.944257 0.156000
v -0.104243 0.948500 0.151757
v -0.100000 0.942500 1.344000
v -0.100000 0.948500 1.350000
v -0.106000 0.948500 1.344000
v -0.100000 0.944257 1.348243
v -0.103464 0.945036 1.347464
v -0.104243 0.948500 1.348243
v -0.104243 0.944257 1.344000
v -0.100000 0.951500 0.150000
v -0.106000 0.951500 0.156000
v -0.100000 0.957500 0.156000
v -0.104243 0.951500 0.151757
v -0.103464 0.954964 0.152536
v -0.104243 0.955743 0.156000
v -0.100000 0.955743 0.151757
v -0.100000 0.951500 1.350000
v -0.100000 0.957500 1.344000
v -0.106000 0.951500 1.344000
v -0.100000 0.955743 1.348243
v -0.103464 0.954964 1.347464
v -0.104243 0.955743 1.344000
v -0.104243 0.951500 1.348243
v -0.100000 0.948500 0.150000
v -0.094000 0.948500 0.156000
v -0.100000 0.942500 0.156000
v -0.095757 0.948500 0.151757
v -0.096536 0.945036 0.152536
v -0.095757 0.944257 0.156000
v -0.100000 0.944257 0.151757
v -0.100000 0.948500 1.350000
v -0.100000 0.942500 1.344000
v -0.094000 0.948500 1.344000
v -0.100000 0.944257 1.348243
v -0.096536 0.945036 1.347464
v -0.095757 0.944257 1.344000
v -0.095757 0.948500 1.348243
v -0.100000 0.951500 0.150000
v -0.100000 0.957500 0.156000
v -0.094000 0.951500 0.156000
v -0.100000 0.955743 0.151757
v -0.096536 0.954964 0.152536
v -0.095757 0.955743 0.156000
v -0.095757 0.951500 0.151757
v -0.100000 0.951500 1.350000
v -0.094000 0.951500 1.344000
v -0.100000 0.957500 1.344000
v -0.095757 0.951500 1.348243
v -0.096536 0.954964 1.347464
v -0.095757 0.955743 1.344000
v -0.100000 0.955743 1.348243
vt 0.376250 0.875000
vt 0.623750 0.875000
vt 0.623750 0.875000
vt 0.376250 0.875000
vt 0.376250 0.600000
vt 0.623750 0.600000
vt 0.623750 0.650000
vt 0.376250 0.650000
vt 0.750000 0.600000
vt 0.750000 0.600000
vt 0.750000 0.650000
vt 0.750000 0.650000
vt 0.376250 0.100000
vt 0.623750 0.100000
vt 0.623750 0.150000
vt 0.376250 0.150000
vt 0.376250 0.375000
vt 0.623750 0.375000
vt 0.623750 0.375000
vt 0.376250 0.375000
vt 0.250000 0.650000
vt 0.250000 0.750000
vt 0.177831 0.750000
vt 0.125000 0.650000
vt 0.376250 1.000000
vt 0.375528 1.000000
vt 0.375000 0.875000
vt 0.375000 0.100000
vt 0.375000 0.042265
vt 0.376250 0.000000
vt 0.625000 0.875000
vt 0.625000 0.947169
vt 0.623750 1.000000
vt 0.875000 0.650000
vt 0.875000 0.707735
vt 0.750000 0.750000
vt 0.623750 0.000000
vt 0.624472 0.000000
vt 0.625000 0.100000
vt 0.250000 0.600000
vt 0.125000 0.600000
vt 0.125000 0.542265
vt 0.250000 0.500000
vt 0.376250 0.250000
vt 0.375528 0.250000
vt 0.375000 0.150000
vt 0.375000 0.375000
vt 0.375000 0.302831
vt 0.376250 0.250000
vt 0.750000 0.500000
vt 0.822169 0.500000
vt 0.875000 0.600000
vt 0.623750 0.250000
vt 0.624472 0.250000
vt 0.625000 0.375000
vt 0.625000 0.150000
vt 0.625000 0.207735
vt 0.250000 0.650000
vt 0.375000 0.650000
vt 0.375176 0.753522
vt 0.250000 0.750000
vt 0.376250 0.750000
vt 0.375000 0.875000
vt 0.376250 0.750000
vt 0.750000 0.750000
vt 0.642434 0.735912
vt 0.625000 0.650000
vt 0.623750 0.750000
vt 0.625000 0.875000
vt 0.250000 0.600000
vt 0.250000 0.500000
vt 0.357566 0.514088
vt 0.375000 0.600000
vt 0.376250 0.500000
vt 0.375000 0.375000
vt 0.376250 0.500000
vt 0.625000 0.600000
vt 0.624824 0.496478
vt 0.750000 0.500000
vt 0.623750 0.500000
vt 0.625000 0.375000
vn 0.0000 0.0000 1.0000
vn 1.0000 0.0000 0.0000
vn -1.0000 0.0000 0.0000
vn -0.3251 -0.3251 -0.8881
vn -0.3251 -0.8881 -0.3251
vn -0.8881 -0.3251 -0.3251
vn -0.3251 -0.8881 0.3251
vn -0.3250 -0.3251 0.8881
vn -0.8881 -0.3251 0.3251
vn -0.3251 0.3251 -0.8881
vn -0.8881 0.3251 -0.3251
vn -0.3251 0.8881 -0.3250
vn -0.3250 0.3251 0.8881
vn -0.3251 0.8881 0.3251
vn -0.8881 0.3251 0.3251
vn 0.3251 -0.3251 -0.8881
vn 0.8881 -0.3251 -0.3251
vn 0.3251 -0.8881 -0.3250
vn 0.3250 -0.3251 0.8881
vn 0.3251 -0.8881 0.3251
vn 0.8881 -0.3251 0.3251
vn 0.3251 0.3251 -0.8881
vn 0.3251 0.8881 -0.3251
vn 0.8881 0.3251 -0.3251
vn 0.3250 0.3251 0.8881
vn 0.8881 0.3251 0.3251
vn 0.3251 0.8881 0.3251
vn -0.3827 0.0000 -0.9239
vn -0.9239 0.0000 -0.3827
vn -0.3827 -0.9239 0.0000
vn -0.9239 -0.3827 0.0000
vn -0.3827 0.0000 0.9239
vn -0.9239 0.0000 0.3827
vn -0.3827 0.9239 0.0000
vn -0.9239 0.3827 0.0000
vn 0.9239 0.3827 0.0000
vn 0.3827 0.9239 0.0000
vn 0.3827 0.0000 -0.9239
vn 0.9239 0.0000 -0.3827
vn 0.3827 0.0000 0.9239
vn 0.9239 0.0000 0.3827
vn 0.3827 -0.9239 0.0000
vn 0.9239 -0.3827 0.0000
s off
f 759/1030/648 765/1031/648 736/1032/648 730/1033/648
f 773/1034/649 779/1035/649 766/1036/649 758/1037/649
f 778/1038/648 750/1039/648 737/1040/648 764/1041/648
f 731/1042/650 738/1043/650 752/1044/650 744/1045/650
f 745/1046/648 751/1047/648 780/1048/648 772/1049/648
f 729/1050/651 732/1051/651 733/1052/651 735/1053/651
f 730/1033/652 734/1054/652 733/1055/652 732/1056/652
f 731/1042/653 735/1057/653 733/1058/653 734/1059/653
f 736/1032/654 739/1060/654 740/1061/654 742/1062/654
f 737/1040/655 741/1063/655 740/1064/655 739/1065/655
f 738/1043/656 742/1066/656 740/1067/656 741/1068/656
f 743/1069/657 746/1070/657 747/1071/657 749/1072/657
f 744/1045/658 748/1073/658 747/1074/658 746/1075/658
f 745/1046/659 749/1076/659 747/1077/659 748/1078/659
f 750/1039/660 753/1079/660 754/1080/660 756/1081/660
f 751/1047/661 755/1082/661 754/1083/661 753/1084/661
f 752/1044/662 756/1085/662 754/1086/662 755/1082/662
f 757/1087/663 760/1088/663 761/1089/663 763/1090/663
f 758/1037/664 762/1091/664 761/1089/664 760/1088/664
f 759/1030/665 763/1092/665 761/1089/665 762/1093/665
f 764/1041/666 767/1094/666 768/1095/666 770/1096/666
f 765/1031/667 769/1097/667 768/1095/667 767/1098/667
f 766/1036/668 770/1096/668 768/1095/668 769/1097/668
f 771/1099/669 774/1100/669 775/1101/669 777/1102/669
f 772/1049/670 776/1103/670 775/1101/670 774/1104/670
f 773/1034/671 777/1102/671 775/1101/671 776/1105/671
f 778/1038/672 781/1106/672 782/1107/672 784/1108/672
f 779/1035/673 783/1109/673 782/1107/673 781/1106/673
f 780/1048/674 784/1110/674 782/1107/674 783/1109/674
f 743/1069/675 729/1050/675 735/1053/675 746/1070/675
f 746/1075/676 735/1057/676 731/1042/676 744/1045/676
f 730/1033/677 736/1032/677 742/1062/677 734/1054/677
f 734/1059/678 742/1066/678 738/1043/678 731/1042/678
f 737/1040/679 750/1039/679 756/1081/679 741/1063/679
f 741/1068/680 756/1085/680 752/1044/680 738/1043/680
f 751/1047/681 745/1046/681 748/1073/681 755/1082/681
f 755/1082/682 748/1073/682 744/1045/682 752/1044/682
f 771/1099/648 743/1069/648 749/1072/648 774/1100/648
f 774/1104/648 749/1076/648 745/1046/648 772/1049/648
f 750/1039/648 778/1038/648 784/1108/648 753/1079/648
f 753/1084/648 784/1110/648 780/1048/648 751/1047/648
f 779/1035/683 773/1034/683 776/1103/683 783/1109/683
f 783/1109/684 776/1103/684 772/1049/684 780/1048/684
f 757/1087/685 771/1099/685 777/1102/685 760/1088/685
f 760/1088/686 777/1102/686 773/1034/686 758/1037/686
f 778/1038/687 764/1041/687 770/1096/687 781/1106/687
f 781/1106/688 770/1096/688 766/1036/688 779/1035/688
f 765/1031/689 759/1030/689 762/1091/689 769/1097/689
f 769/1097/690 762/1091/690 758/1037/690 766/1036/690
f 729/1050/648 757/1087/648 763/1090/648 732/1051/648
f 732/1056/648 763/1092/648 759/1030/648 730/1033/648
f 764/1041/648 737/1040/648 739/1065/648 767/1094/648
f 767/1098/648 739/1060/648 736/1032/648 765/1031/648
f 743/1069/648 771/1099/648 757/1087/648 729/1050/648
o safety_fence_bar.006_Cube.021
v 0.100000 0.948500 0.150000
v 0.100000 0.942500 0.156000
v 0.094000 0.948500 0.156000
v 0.100000 0.944257 0.151757
v 0.096536 0.945036 0.152536
v 0.095757 0.944257 0.156000
v 0.095757 0.948500 0.151757
v 0.100000 0.942500 1.344000
v 0.100000 0.948500 1.350000
v 0.094000 0.948500 1.344000
v 0.100000 0.944257 1.348243
v 0.096536 0.945036 1.347464
v 0.095757 0.948500 1.348243
v 0.095757 0.944257 1.344000
v 0.100000 0.951500 0.150000
v 0.094000 0.951500 0.156000
v 0.100000 0.957500 0.156000
v 0.095757 0.951500 0.151757
v 0.096536 0.954964 0.152536
v 0.095757 0.955743 0.156000
v 0.100000 0.955743 0.151757
v 0.100000 0.951500 1.350000
v 0.100000 0.957500 1.344000
v 0.094000 0.951500 1.344000
v 0.100000 0.955743 1.348243
v 0.096536 0.954964 1.347464
v 0.095757 0.955743 1.344000
v 0.095757 0.951500 1.348243
v 0.100000 0.948500 0.150000
v 0.106000 0.948500 0.156000
v 0.100000 0.942500 0.156000
v 0.104243 0.948500 0.151757
v 0.103464 0.945036 0.152536
v 0.104243 0.944257 0.156000
v 0.100000 0.944257 0.151757
v 0.100000 0.948500 1.350000
v 0.100000 0.942500 1.344000
v 0.106000 0.948500 1.344000
v 0.100000 0.944257 1.348243
v 0.103464 0.945036 1.347464
v 0.104243 0.944257 1.344000
v 0.104243 0.948500 1.348243
v 0.100000 0.951500 0.150000
v 0.100000 0.957500 0.156000
v 0.106000 0.951500 0.156000
v 0.100000 0.955743 0.151757
v 0.103464 0.954964 0.152536
v 0.104243 0.955743 0.156000
v 0.104243 0.951500 0.151757
v 0.100000 0.951500 1.350000
v 0.106000 0.951500 1.344000
v 0.100000 0.957500 1.344000
v 0.104243 0.951500 1.348243
v 0.103464 0.954964 1.347464
v 0.104243 0.955743 1.344000
v 0.100000 0.955743 1.348243
vt 0.376250 0.875000
vt 0.623750 0.875000
vt 0.623750 0.875000
vt 0.376250 0.875000
vt 0.376250 0.600000
vt 0.623750 0.600000
vt 0.623750 0.650000
vt 0.376250 0.650000
vt 0.750000 0.600000
vt 0.750000 0.600000
vt 0.750000 0.650000
vt 0.750000 0.650000
vt 0.376250 0.100000
vt 0.623750 0.100000
vt 0.623750 0.150000
vt 0.376250 0.150000
vt 0.376250 0.375000
vt 0.623750 0.375000
vt 0.623750 0.375000
vt 0.376250 0.375000
vt 0.250000 0.650000
vt 0.250000 0.750000
vt 0.177831 0.750000
vt 0.125000 0.650000
vt 0.376250 1.000000
vt 0.375528 1.000000
vt 0.375000 0.875000
vt 0.375000 0.100000
vt 0.375000 0.042265
vt 0.376250 0.000000
vt 0.625000 0.875000
vt 0.625000 0.947169
vt 0.623750 1.000000
vt 0.875000 0.650000
vt 0.875000 0.707735
vt 0.750000 0.750000
vt 0.623750 0.000000
vt 0.624472 0.000000
vt 0.625000 0.100000
vt 0.250000 0.600000
vt 0.125000 0.600000
vt 0.125000 0.542265
vt 0.250000 0.500000
vt 0.376250 0.250000
vt 0.375528 0.250000
vt 0.375000 0.150000
vt 0.375000 0.375000
vt 0.375000 0.302831
vt 0.376250 0.250000
vt 0.750000 0.500000
vt 0.822169 0.500000
vt 0.875000 0.600000
vt 0.623750 0.250000
vt 0.624472 0.250000
vt 0.625000 0.375000
vt 0.625000 0.150000
vt 0.625000 0.207735
vt 0.250000 0.650000
vt 0.375000 0.650000
vt 0.375176 0.753522
vt 0.250000 0.750000
vt 0.376250 0.750000
vt 0.375000 0.875000
vt 0.376250 0.750000
vt 0.750000 0.750000
vt 0.642434 0.735912
vt 0.625000 0.650000
vt 0.623750 0.750000
vt 0.625000 0.875000
vt 0.250000 0.600000
vt 0.250000 0.500000
vt 0.357566 0.514088
vt 0.375000 0.600000
vt 0.376250 0.500000
vt 0.375000 0.375000
vt 0.376250 0.500000
vt 0.625000 0.600000
vt 0.624824 0.496478
vt 0.750000 0.500000
vt 0.623750 0.500000
vt 0.625000 0.375000
vn 0.0000 0.0000 1.0000
vn 1.0000 0.0000 0.0000
vn -1.0000 0.0000 0.0000
vn -0.3251 -0.3251 -0.8881
vn -0.3251 -0.8881 -0.3251
vn -0.8881 -0.3251 -0.3251
vn -0.3251 -0.8881 0.3251
vn -0.3250 -0.3251 0.8881
vn -0.8881 -0.3251 0.3251
vn -0.3251 0.3251 -0.8881
vn -0.8881 0.3251 -0.3251
vn -0.3251 0.8881 -0.3250
vn -0.3250 0.3251 0.8881
vn -0.3251 0.8881 0.3251
vn -0.8881 0.3251 0.3251
vn 0.3251 -0.3251 -0.8881
vn 0.8881 -0.3251 -0.3251
vn 0.3251 -0.8881 -0.3250
vn 0.3250 -0.3251 0.8881
vn 0.3251 -0.8881 0.3251
vn 0.8881 -0.3251 0.3251
vn 0.3251 0.3251 -0.8881
vn 0.3251 0.8881 -0.3251
vn 0.8881 0.3251 -0.3251
vn 0.3250 0.3251 0.8881
vn 0.8881 0.3251 0.3251
vn 0.3251 0.8881 0.3251
vn -0.3827 0.0000 -0.9239
vn -0.9239 0.0000 -0.3827
vn -0.3827 -0.9239 0.0000
vn -0.9239 -0.3827 0.0000
vn -0.3827 0.0000 0.9239
vn -0.9239 0.0000 0.3827
vn -0.3827 0.9239 0.0000
vn -0.9239 0.3827 0.0000
vn 0.9239 0.3827 0.0000
vn 0.3827 0.9239 0.0000
vn 0.3827 0.0000 -0.9239
vn 0.9239 0.0000 -0.3827
vn 0.3827 0.0000 0.9239
vn 0.9239 0.0000 0.3827
vn 0.3827 -0.9239 0.0000
vn 0.9239 -0.3827 0.0000
s off
f 815/1111/691 821/1112/691 792/1113/691 786/1114/691
f 829/1115/692 835/1116/692 822/1117/692 814/1118/692
f 834/1119/691 806/1120/691 793/1121/691 820/1122/691
f 787/1123/693 794/1124/693 808/1125/693 800/1126/693
f 801/1127/691 807/1128/691 836/1129/691 828/1130/691
f 785/1131/694 788/1132/694 789/1133/694 791/1134/694
f 786/1114/695 790/1135/695 789/1136/695 788/1137/695
f 787/1123/696 791/1138/696 789/1139/696 790/1140/696
f 792/1113/697 795/1141/697 796/1142/697 798/1143/697
f 793/1121/698 797/1144/698 796/1145/698 795/1146/698
f 794/1124/699 798/1147/699 796/1148/699 797/1149/699
f 799/1150/700 802/1151/700 803/1152/700 805/1153/700
f 800/1126/701 804/1154/701 803/1155/701 802/1156/701
f 801/1127/702 805/1157/702 803/1158/702 804/1159/702
f 806/1120/703 809/1160/703 810/1161/703 812/1162/703
f 807/1128/704 811/1163/704 810/1164/704 809/1165/704
f 808/1125/705 812/1166/705 810/1167/705 811/1163/705
f 813/1168/706 816/1169/706 817/1170/706 819/1171/706
f 814/1118/707 818/1172/707 817/1170/707 816/1169/707
f 815/1111/708 819/1173/708 817/1170/708 818/1174/708
f 820/1122/709 823/1175/709 824/1176/709 826/1177/709
f 821/1112/710 825/1178/710 824/1176/710 823/1179/710
f 822/1117/711 826/1177/711 824/1176/711 825/1178/711
f 827/1180/712 830/1181/712 831/1182/712 833/1183/712
f 828/1130/713 832/1184/713 831/1182/713 830/1185/713
f 829/1115/714 833/1183/714 831/1182/714 832/1186/714
f 834/1119/715 837/1187/715 838/1188/715 840/1189/715
f 835/1116/716 839/1190/716 838/1188/716 837/1187/716
f 836/1129/717 840/1191/717 838/1188/717 839/1190/717
f 799/1150/718 785/1131/718 791/1134/718 802/1151/718
f 802/1156/719 791/1138/719 787/1123/719 800/1126/719
f 786/1114/720 792/1113/720 798/1143/720 790/1135/720
f 790/1140/721 798/1147/721 794/1124/721 787/1123/721
f 793/1121/722 806/1120/722 812/1162/722 797/1144/722
f 797/1149/723 812/1166/723 808/1125/723 794/1124/723
f 807/1128/724 801/1127/724 804/1154/724 811/1163/724
f 811/1163/725 804/1154/725 800/1126/725 808/1125/725
f 827/1180/691 799/1150/691 805/1153/691 830/1181/691
f 830/1185/691 805/1157/691 801/1127/691 828/1130/691
f 806/1120/691 834/1119/691 840/1189/691 809/1160/691
f 809/1165/691 840/1191/691 836/1129/691 807/1128/691
f 835/1116/726 829/1115/726 832/1184/726 839/1190/726
f 839/1190/727 832/1184/727 828/1130/727 836/1129/727
f 813/1168/728 827/1180/728 833/1183/728 816/1169/728
f 816/1169/729 833/1183/729 829/1115/729 814/1118/729
f 834/1119/730 820/1122/730 826/1177/730 837/1187/730
f 837/1187/731 826/1177/731 822/1117/731 835/1116/731
f 821/1112/732 815/1111/732 818/1172/732 825/1178/732
f 825/1178/733 818/1172/733 814/1118/733 822/1117/733
f 785/1131/691 813/1168/691 819/1171/691 788/1132/691
f 788/1137/691 819/1173/691 815/1111/691 786/1114/691
f 820/1122/691 793/1121/691 795/1146/691 823/1175/691
f 823/1179/691 795/1141/691 792/1113/691 821/1112/691
f 799/1150/691 827/1180/691 813/1168/691 785/1131/691
o safety_fence_bar.007_Cube.022
v 0.300000 0.948500 0.150000
v 0.300000 0.942500 0.156000
v 0.294000 0.948500 0.156000
v 0.300000 0.944257 0.151757
v 0.296536 0.945036 0.152536
v 0.295757 0.944257 0.156000
v 0.295757 0.948500 0.151757
v 0.300000 0.942500 1.344000
v 0.300000 0.948500 1.350000
v 0.294000 0.948500 1.344000
v 0.300000 0.944257 1.348243
v 0.296536 0.945036 1.347464
v 0.295757 0.948500 1.348243
v 0.295757 0.944257 1.344000
v 0.300000 0.951500 0.150000
v 0.294000 0.951500 0.156000
v 0.300000 0.957500 0.156000
v 0.295757 0.951500 0.151757
v 0.296536 0.954964 0.152536
v 0.295757 0.955743 0.156000
v 0.300000 0.955743 0.151757
v 0.300000 0.951500 1.350000
v 0.300000 0.957500 1.344000
v 0.294000 0.951500 1.344000
v 0.300000 0.955743 1.348243
v 0.296536 0.954964 1.347464
v 0.295757 0.955743 1.344000
v 0.295757 0.951500 1.348243
v 0.300000 0.948500 0.150000
v 0.306000 0.948500 0.156000
v 0.300000 0.942500 0.156000
v 0.304243 0.948500 0.151757
v 0.303464 0.945036 0.152536
v 0.304243 0.944257 0.156000
v 0.300000 0.944257 0.151757
v 0.300000 0.948500 1.350000
v 0.300000 0.942500 1.344000
v 0.306000 0.948500 1.344000
v 0.300000 0.944257 1.348243
v 0.303464 0.945036 1.347464
v 0.304243 0.944257 1.344000
v 0.304243 0.948500 1.348243
v 0.300000 0.951500 0.150000
v 0.300000 0.957500 0.156000
v 0.306000 0.951500 0.156000
v 0.300000 0.955743 0.151757
v 0.303464 0.954964 0.152536
v 0.304243 0.955743 0.156000
v 0.304243 0.951500 0.151757
v 0.300000 0.951500 1.350000
v 0.306000 0.951500 1.344000
v 0.300000 0.957500 1.344000
v 0.304243 0.951500 1.348243
v 0.303464 0.954964 1.347464
v 0.304243 0.955743 1.344000
v 0.300000 0.955743 1.348243
vt 0.376250 0.875000
vt 0.623750 0.875000
vt 0.623750 0.875000
vt 0.376250 0.875000
vt 0.376250 0.600000
vt 0.623750 0.600000
vt 0.623750 0.650000
vt 0.376250 0.650000
vt 0.750000 0.600000
vt 0.750000 0.600000
vt 0.750000 0.650000
vt 0.750000 0.650000
vt 0.376250 0.100000
vt 0.623750 0.100000
vt 0.623750 0.150000
vt 0.376250 0.150000
vt 0.376250 0.375000
vt 0.623750 0.375000
vt 0.623750 0.375000
vt 0.376250 0.375000
vt 0.250000 0.650000
vt 0.250000 0.750000
vt 0.177831 0.750000
vt 0.125000 0.650000
vt 0.376250 1.000000
vt 0.375528 1.000000
vt 0.375000 0.875000
vt 0.375000 0.100000
vt 0.375000 0.042265
vt 0.376250 0.000000
vt 0.625000 0.875000
vt 0.625000 0.947169
vt 0.623750 1.000000
vt 0.875000 0.650000
vt 0.875000 0.707735
vt 0.750000 0.750000
vt 0.623750 0.000000
vt 0.624472 0.000000
vt 0.625000 0.100000
vt 0.250000 0.600000
vt 0.125000 0.600000
vt 0.125000 0.542265
vt 0.250000 0.500000
vt 0.376250 0.250000
vt 0.375528 0.250000
vt 0.375000 0.150000
vt 0.375000 0.375000
vt 0.375000 0.302831
vt 0.376250 0.250000
vt 0.750000 0.500000
vt 0.822169 0.500000
vt 0.875000 0.600000
vt 0.623750 0.250000
vt 0.624472 0.250000
vt 0.625000 0.375000
vt 0.625000 0.150000
vt 0.625000 0.207735
vt 0.250000 0.650000
vt 0.375000 0.650000
vt 0.375176 0.753522
vt 0.250000 0.750000
vt 0.376250 0.750000
vt 0.375000 0.875000
vt 0.376250 0.750000
vt 0.750000 0.750000
vt 0.642434 0.735912
vt 0.625000 0.650000
vt 0.623750 0.750000
vt 0.625000 0.875000
vt 0.250000 0.600000
vt 0.250000 0.500000
vt 0.357566 0.514088
vt 0.375000 0.600000
vt 0.376250 0.500000
vt 0.375000 0.375000
vt 0.376250 0.500000
vt 0.625000 0.600000
vt 0.624824 0.496478
vt 0.750000 0.500000
vt 0.623750 0.500000
vt 0.625000 0.375000
vn 0.0000 0.0000 1.0000
vn 1.0000 0.0000 0.0000
vn -1.0000 0.0000 0.0000
vn -0.3251 -0.3251 -0.8881
vn -0.3251 -0.8881 -0.3250
vn -0.8881 -0.3250 -0.3251
vn -0.3251 -0.8881 0.3251
vn -0.3250 -0.3251 0.8881
vn -0.8881 -0.3251 0.3251
vn -0.3251 0.3251 -0.8881
vn -0.8881 0.3251 -0.3251
vn -0.3251 0.8881 -0.3251
vn -0.3250 0.3251 0.8881
vn -0.3251 0.8881 0.3251
vn -0.8881 0.3251 0.3251
vn 0.3251 -0.3251 -0.8881
vn 0.8881 -0.3250 -0.3251
vn 0.3251 -0.8881 -0.3250
vn 0.3250 -0.3251 0.8881
vn 0.3251 -0.8881 0.3250
vn 0.8881 -0.3250 0.3251
vn 0.3251 0.3251 -0.8881
vn 0.3251 0.8881 -0.3251
vn 0.8881 0.3251 -0.3251
vn 0.3250 0.3251 0.8881
vn 0.8881 0.3250 0.3251
vn 0.3250 0.8881 0.3251
vn -0.3827 0.0000 -0.9239
vn -0.9239 0.0000 -0.3827
vn -0.3827 -0.9239 0.0000
vn -0.9239 -0.3827 0.0000
vn -0.3827 0.0000 0.9239
vn -0.9239 0.0000 0.3827
vn -0.3827 0.9239 0.0000
vn -0.9239 0.3827 0.0000
vn 0.9239 0.3827 0.0000
vn 0.3827 0.9239 0.0000
vn 0.3827 0.0000 -0.9239
vn 0.9239 0.0000 -0.3827
vn 0.3827 0.0000 0.9239
vn 0.9239 0.0000 0.3827
vn 0.3827 -0.9239 0.0000
vn 0.9239 -0.3827 0.0000
s off
f 871/1192/734 877/1193/734 848/1194/734 842/1195/734
f 885/1196/735 891/1197/735 878/1198/735 870/1199/735
f 890/1200/734 862/1201/734 849/1202/734 876/1203/734
f 843/1204/736 850/1205/736 864/1206/736 856/1207/736
f 857/1208/734 863/1209/734 892/1210/734 884/1211/734
f 841/1212/737 844/1213/737 845/1214/737 847/1215/737
f 842/1195/738 846/1216/738 845/1217/738 844/1218/738
f 843/1204/739 847/1219/739 845/1220/739 846/1221/739
f 848/1194/740 851/1222/740 852/1223/740 854/1224/740
f 849/1202/741 853/1225/741 852/1226/741 851/1227/741
f 850/1205/742 854/1228/742 852/1229/742 853/1230/742
f 855/1231/743 858/1232/743 859/1233/743 861/1234/743
f 856/1207/744 860/1235/744 859/1236/744 858/1237/744
f 857/1208/745 861/1238/745 859/1239/745 860/1240/745
f 862/1201/746 865/1241/746 866/1242/746 868/1243/746
f 863/1209/747 867/1244/747 866/1245/747 865/1246/747
f 864/1206/748 868/1247/748 866/1248/748 867/1244/748
f 869/1249/749 872/1250/749 873/1251/749 875/1252/749
f 870/1199/750 874/1253/750 873/1251/750 872/1250/750
f 871/1192/751 875/1254/751 873/1251/751 874/1255/751
f 876/1203/752 879/1256/752 880/1257/752 882/1258/752
f 877/1193/753 881/1259/753 880/1257/753 879/1260/753
f 878/1198/754 882/1258/754 880/1257/754 881/1259/754
f 883/1261/755 886/1262/755 887/1263/755 889/1264/755
f 884/1211/756 888/1265/756 887/1263/756 886/1266/756
f 885/1196/757 889/1264/757 887/1263/757 888/1267/757
f 890/1200/758 893/1268/758 894/1269/758 896/1270/758
f 891/1197/759 895/1271/759 894/1269/759 893/1268/759
f 892/1210/760 896/1272/760 894/1269/760 895/1271/760
f 855/1231/761 841/1212/761 847/1215/761 858/1232/761
f 858/1237/762 847/1219/762 843/1204/762 856/1207/762
f 842/1195/763 848/1194/763 854/1224/763 846/1216/763
f 846/1221/764 854/1228/764 850/1205/764 843/1204/764
f 849/1202/765 862/1201/765 868/1243/765 853/1225/765
f 853/1230/766 868/1247/766 864/1206/766 850/1205/766
f 863/1209/767 857/1208/767 860/1235/767 867/1244/767
f 867/1244/768 860/1235/768 856/1207/768 864/1206/768
f 883/1261/734 855/1231/734 861/1234/734 886/1262/734
f 886/1266/734 861/1238/734 857/1208/734 884/1211/734
f 862/1201/734 890/1200/734 896/1270/734 865/1241/734
f 865/1246/734 896/1272/734 892/1210/734 863/1209/734
f 891/1197/769 885/1196/769 888/1265/769 895/1271/769
f 895/1271/770 888/1265/770 884/1211/770 892/1210/770
f 869/1249/771 883/1261/771 889/1264/771 872/1250/771
f 872/1250/772 889/1264/772 885/1196/772 870/1199/772
f 890/1200/773 876/1203/773 882/1258/773 893/1268/773
f 893/1268/774 882/1258/774 878/1198/774 891/1197/774
f 877/1193/775 871/1192/775 874/1253/775 881/1259/775
f 881/1259/776 874/1253/776 870/1199/776 878/1198/776
f 841/1212/734 869/1249/734 875/1252/734 844/1213/734
f 844/1218/734 875/1254/734 871/1192/734 842/1195/734
f 876/1203/734 849/1202/734 851/1227/734 879/1256/734
f 879/1260/734 851/1222/734 848/1194/734 877/1193/734
f 855/1231/734 883/1261/734 869/1249/734 841/1212/734
o safety_fence_bar.008_Cube.023
v 0.500000 0.948500 0.150000
v 0.500000 0.942500 0.156000
v 0.494000 0.948500 0.156000
v 0.500000 0.944257 0.151757
v 0.496536 0.945036 0.152536
v 0.495757 0.944257 0.156000
v 0.495757 0.948500 0.151757
v 0.500000 0.942500 1.344000
v 0.500000 0.948500 1.350000
v 0.494000 0.948500 1.344000
v 0.500000 0.944257 1.348243
v 0.496536 0.945036 1.347464
v 0.495757 0.948500 1.348243
v 0.495757 0.944257 1.344000
v 0.500000 0.951500 0.150000
v 0.494000 0.951500 0.156000
v 0.500000 0.957500 0.156000
v 0.495757 0.951500 0.151757
v 0.496536 0.954964 0.152536
v 0.495757 0.955743 0.156000
v 0.500000 0.955743 0.151757
v 0.500000 0.951500 1.350000
v 0.500000 0.957500 1.344000
v 0.494000 0.951500 1.344000
v 0.500000 0.955743 1.348243
v 0.496536 0.954964 1.347464
v 0.495757 0.955743 1.344000
v 0.495757 0.951500 1.348243
v 0.500000 0.948500 0.150000
v 0.506000 0.948500 0.156000
v 0.500000 0.942500 0.156000
v 0.504243 0.948500 0.151757
v 0.503464 0.945036 0.152536
v 0.504243 0.944257 0.156000
v 0.500000 0.944257 0.151757
v 0.500000 0.948500 1.350000
v 0.500000 0.942500 1.344000
v 0.506000 0.948500 1.344000
v 0.500000 0.944257 1.348243
v 0.503464 0.945036 1.347464
v 0.504243 0.944257 1.344000
v 0.504243 0.948500 1.348243
v 0.500000 0.951500 0.150000
v 0.500000 0.957500 0.156000
v 0.506000 0.951500 0.156000
v 0.500000 0.955743 0.151757
v 0.503464 0.954964 0.152536
v 0.504243 0.955743 0.156000
v 0.504243 0.951500 0.151757
v 0.500000 0.951500 1.350000
v 0.506000 0.951500 1.344000
v 0.500000 0.957500 1.344000
v 0.504243 0.951500 1.348243
v 0.503464 0.954964 1.347464
v 0.504243 0.955743 1.344000
v 0.500000 0.955743 1.348243
vt 0.376250 0.875000
vt 0.623750 0.875000
vt 0.623750 0.875000
vt 0.376250 0.875000
vt 0.376250 0.600000
vt 0.623750 0.600000
vt 0.623750 0.650000
vt 0.376250 0.650000
vt 0.750000 0.600000
vt 0.750000 0.600000
vt 0.750000 0.650000
vt 0.750000 0.650000
vt 0.376250 0.100000
vt 0.623750 0.100000
vt 0.623750 0.150000
vt 0.376250 0.150000
vt 0.376250 0.375000
vt 0.623750 0.375000
vt 0.623750 0.375000
vt 0.376250 0.375000
vt 0.250000 0.650000
vt 0.250000 0.750000
vt 0.177831 0.750000
vt 0.125000 0.650000
vt 0.376250 1.000000
vt 0.375528 1.000000
vt 0.375000 0.875000
vt 0.375000 0.100000
vt 0.375000 0.042265
vt 0.376250 0.000000
vt 0.625000 0.875000
vt 0.625000 0.947169
vt 0.623750 1.000000
vt 0.875000 0.650000
vt 0.875000 0.707735
vt 0.750000 0.750000
vt 0.623750 0.000000
vt 0.624472 0.000000
vt 0.625000 0.100000
vt 0.250000 0.600000
vt 0.125000 0.600000
vt 0.125000 0.542265
vt 0.250000 0.500000
vt 0.376250 0.250000
vt 0.375528 0.250000
vt 0.375000 0.150000
vt 0.375000 0.375000
vt 0.375000 0.302831
vt 0.376250 0.250000
vt 0.750000 0.500000
vt 0.822169 0.500000
vt 0.875000 0.600000
vt 0.623750 0.250000
vt 0.624472 0.250000
vt 0.625000 0.375000
vt 0.625000 0.150000
vt 0.625000 0.207735
vt 0.250000 0.650000
vt 0.375000 0.650000
vt 0.375176 0.753522
vt 0.250000 0.750000
vt 0.376250 0.750000
vt 0.375000 0.875000
vt 0.376250 0.750000
vt 0.750000 0.750000
vt 0.642434 0.735912
vt 0.625000 0.650000
vt 0.623750 0.750000
vt 0.625000 0.875000
vt 0.250000 0.600000
vt 0.250000 0.500000
vt 0.357566 0.514088
vt 0.375000 0.600000
vt 0.376250 0.500000
vt 0.375000 0.375000
vt 0.376250 0.500000
vt 0.625000 0.600000
vt 0.624824 0.496478
vt 0.750000 0.500000
vt 0.623750 0.500000
vt 0.625000 0.375000
vn 0.0000 0.0000 1.0000
vn 1.0000 0.0000 0.0000
vn -1.0000 0.0000 0.0000
vn -0.3251 -0.3251 -0.8881
vn -0.3251 -0.8881 -0.3250
vn -0.8881 -0.3251 -0.3251
vn -0.3251 -0.8881 0.3251
vn -0.3250 -0.3251 0.8881
vn -0.8881 -0.3250 0.3251
vn -0.3251 0.3251 -0.8881
vn -0.8881 0.3251 -0.3251
vn -0.3251 0.8881 -0.3251
vn -0.3250 0.3251 0.8881
vn -0.3251 0.8881 0.3251
vn -0.8881 0.3250 0.3251
vn 0.3251 -0.3251 -0.8881
vn 0.8881 -0.3251 -0.3251
vn 0.3251 -0.8881 -0.3251
vn 0.3250 -0.3251 0.8881
vn 0.3251 -0.8881 0.3251
vn 0.8881 -0.3251 0.3251
vn 0.3251 0.3251 -0.8881
vn 0.3251 0.8881 -0.3251
vn 0.8881 0.3251 -0.3251
vn 0.3250 0.3251 0.8881
vn 0.8881 0.3251 0.3251
vn 0.3250 0.8881 0.3251
vn -0.3827 0.0000 -0.9239
vn -0.9239 0.0000 -0.3827
vn -0.3827 -0.9239 0.0000
vn -0.9239 -0.3827 0.0000
vn -0.3827 0.0000 0.9239
vn -0.9239 0.0000 0.3827
vn -0.3827 0.9239 0.0000
vn -0.9239 0.3827 0.0000
vn 0.9239 0.3827 0.0000
vn 0.3827 0.9239 0.0000
vn 0.3827 0.0000 -0.9239
vn 0.9239 0.0000 -0.3827
vn 0.3827 0.0000 0.9239
vn 0.9239 0.0000 0.3827
vn 0.3827 -0.9239 0.0000
vn 0.9239 -0.3827 0.0000
s off
f 927/1273/777 933/1274/777 904/1275/777 898/1276/777
f 941/1277/778 947/1278/778 934/1279/778 926/1280/778
f 946/1281/777 918/1282/777 905/1283/777 932/1284/777
f 899/1285/779 906/1286/779 920/1287/779 912/1288/779
f 913/1289/777 919/1290/777 948/1291/777 940/1292/777
f 897/1293/780 900/1294/780 901/1295/780 903/1296/780
f 898/1276/781 902/1297/781 901/1298/781 900/1299/781
f 899/1285/782 903/1300/782 901/1301/782 902/1302/782
f 904/1275/783 907/1303/783 908/1304/783 910/1305/783
f 905/1283/784 909/1306/784 908/1307/784 907/1308/784
f 906/1286/785 910/1309/785 908/1310/785 909/1311/785
f 911/1312/786 914/1313/786 915/1314/786 917/1315/786
f 912/1288/787 916/1316/787 915/1317/787 914/1318/787
f 913/1289/788 917/1319/788 915/1320/788 916/1321/788
f 918/1282/789 921/1322/789 922/1323/789 924/1324/789
f 919/1290/790 923/1325/790 922/1326/790 921/1327/790
f 920/1287/791 924/1328/791 922/1329/791 923/1325/791
f 925/1330/792 928/1331/792 929/1332/792 931/1333/792
f 926/1280/793 930/1334/793 929/1332/793 928/1331/793
f 927/1273/794 931/1335/794 929/1332/794 930/1336/794
f 932/1284/795 935/1337/795 936/1338/795 938/1339/795
f 933/1274/796 937/1340/796 936/1338/796 935/1341/796
f 934/1279/797 938/1339/797 936/1338/797 937/1340/797
f 939/1342/798 942/1343/798 943/1344/798 945/1345/798
f 940/1292/799 944/1346/799 943/1344/799 942/1347/799
f 941/1277/800 945/1345/800 943/1344/800 944/1348/800
f 946/1281/801 949/1349/801 950/1350/801 952/1351/801
f 947/1278/802 951/1352/802 950/1350/802 949/1349/802
f 948/1291/803 952/1353/803 950/1350/803 951/1352/803
f 911/1312/804 897/1293/804 903/1296/804 914/1313/804
f 914/1318/805 903/1300/805 899/1285/805 912/1288/805
f 898/1276/806 904/1275/806 910/1305/806 902/1297/806
f 902/1302/807 910/1309/807 906/1286/807 899/1285/807
f 905/1283/808 918/1282/808 924/1324/808 909/1306/808
f 909/1311/809 924/1328/809 920/1287/809 906/1286/809
f 919/1290/810 913/1289/810 916/1316/810 923/1325/810
f 923/1325/811 916/1316/811 912/1288/811 920/1287/811
f 939/1342/777 911/1312/777 917/1315/777 942/1343/777
f 942/1347/777 917/1319/777 913/1289/777 940/1292/777
f 918/1282/777 946/1281/777 952/1351/777 921/1322/777
f 921/1327/777 952/1353/777 948/1291/777 919/1290/777
f 947/1278/812 941/1277/812 944/1346/812 951/1352/812
f 951/1352/813 944/1346/813 940/1292/813 948/1291/813
f 925/1330/814 939/1342/814 945/1345/814 928/1331/814
f 928/1331/815 945/1345/815 941/1277/815 926/1280/815
f 946/1281/816 932/1284/816 938/1339/816 949/1349/816
f 949/1349/817 938/1339/817 934/1279/817 947/1278/817
f 933/1274/818 927/1273/818 930/1334/818 937/1340/818
f 937/1340/819 930/1334/819 926/1280/819 934/1279/819
f 897/1293/777 925/1330/777 931/1333/777 900/1294/777
f 900/1299/777 931/1335/777 927/1273/777 898/1276/777
f 932/1284/777 905/1283/777 907/1308/777 935/1337/777
f 935/1341/777 907/1303/777 904/1275/777 933/1274/777
f 911/1312/777 939/1342/777 925/1330/777 897/1293/777
o safety_fence_bar.009_Cube.024
v 0.700000 0.948500 0.150000
v 0.700000 0.942500 0.156000
v 0.694000 0.948500 0.156000
v 0.700000 0.944257 0.151757
v 0.696536 0.945036 0.152536
v 0.695757 0.944257 0.156000
v 0.695757 0.948500 0.151757
v 0.700000 0.942500 1.344000
v 0.700000 0.948500 1.350000
v 0.694000 0.948500 1.344000
v 0.700000 0.944257 1.348243
v 0.696536 0.945036 1.347464
v 0.695757 0.948500 1.348243
v 0.695757 0.944257 1.344000
v 0.700000 0.951500 0.150000
v 0.694000 0.951500 0.156000
v 0.700000 0.957500 0.156000
v 0.695757 0.951500 0.151757
v 0.696536 0.954964 0.152536
v 0.695757 0.955743 0.156000
v 0.700000 0.955743 0.151757
v 0.700000 0.951500 1.350000
v 0.700000 0.957500 1.344000
v 0.694000 0.951500 1.344000
v 0.700000 0.955743 1.348243
v 0.696536 0.954964 1.347464
v 0.695757 0.955743 1.344000
v 0.695757 0.951500 1.348243
v 0.700000 0.948500 0.150000
v 0.706000 0.948500 0.156000
v 0.700000 0.942500 0.156000
v 0.704243 0.948500 0.151757
v 0.703464 0.945036 0.152536
v 0.704243 0.944257 0.156000
v 0.700000 0.944257 0.151757
v 0.700000 0.948500 1.350000
v 0.700000 0.942500 1.344000
v 0.706000 0.948500 1.344000
v 0.700000 0.944257 1.348243
v 0.703464 0.945036 1.347464
v 0.704243 0.944257 1.344000
v 0.704243 0.948500 1.348243
v 0.700000 0.951500 0.150000
v 0.700000 0.957500 0.156000
v 0.706000 0.951500 0.156000
v 0.700000 0.955743 0.151757
v 0.703464 0.954964 0.152536
v 0.704243 0.955743 0.156000
v 0.704243 0.951500 0.151757
v 0.700000 0.951500 1.350000
v 0.706000 0.951500 1.344000
v 0.700000 0.957500 1.344000
v 0.704243 0.951500 1.348243
v 0.703464 0.954964 1.347464
v 0.704243 0.955743 1.344000
v 0.700000 0.955743 1.348243
vt 0.376250 0.875000
vt 0.623750 0.875000
vt 0.623750 0.875000
vt 0.376250 0.875000
vt 0.376250 0.600000
vt 0.623750 0.600000
vt 0.623750 0.650000
vt 0.376250 0.650000
vt 0.750000 0.600000
vt 0.750000 0.600000
vt 0.750000 0.650000
vt 0.750000 0.650000
vt 0.376250 0.100000
vt 0.623750 0.100000
vt 0.623750 0.150000
vt 0.376250 0.150000
vt 0.376250 0.375000
vt 0.623750 0.375000
vt 0.623750 0.375000
vt 0.376250 0.375000
vt 0.250000 0.650000
vt 0.250000 0.750000
vt 0.177831 0.750000
vt 0.125000 0.650000
vt 0.376250 1.000000
vt 0.375528 1.000000
vt 0.375000 0.875000
vt 0.375000 0.100000
vt 0.375000 0.042265
vt 0.376250 0.000000
vt 0.625000 0.875000
vt 0.625000 0.947169
vt 0.623750 1.000000
vt 0.875000 0.650000
vt 0.875000 0.707735
vt 0.750000 0.750000
vt 0.623750 0.000000
vt 0.624472 0.000000
vt 0.625000 0.100000
vt 0.250000 0.600000
vt 0.125000 0.600000
vt 0.125000 0.542265
vt 0.250000 0.500000
vt 0.376250 0.250000
vt 0.375528 0.250000
vt 0.375000 0.150000
vt 0.375000 0.375000
vt 0.375000 0.302831
vt 0.376250 0.250000
vt 0.750000 0.500000
vt 0.822169 0.500000
vt 0.875000 0.600000
vt 0.623750 0.250000
vt 0.624472 0.250000
vt 0.625000 0.375000
vt 0.625000 0.150000
vt 0.625000 0.207735
vt 0.250000 0.650000
vt 0.375000 0.650000
vt 0.375176 0.753522
vt 0.250000 0.750000
vt 0.376250 0.750000
vt 0.375000 0.875000
vt 0.376250 0.750000
vt 0.750000 0.750000
vt 0.642434 0.735912
vt 0.625000 0.650000
vt 0.623750 0.750000
vt 0.625000 0.875000
vt 0.250000 0.600000
vt 0.250000 0.500000
vt 0.357566 0.514088
vt 0.375000 0.600000
vt 0.376250 0.500000
vt 0.375000 0.375000
vt 0.376250 0.500000
vt 0.625000 0.600000
vt 0.624824 0.496478
vt 0.750000 0.500000
vt 0.623750 0.500000
vt 0.625000 0.375000
vn 0.0000 0.0000 1.0000
vn 1.0000 0.0000 0.0000
vn -1.0000 0.0000 0.0000
vn -0.3251 -0.3251 -0.8881
vn -0.3251 -0.8881 -0.3250
vn -0.8881 -0.3251 -0.3251
vn -0.3251 -0.8881 0.3251
vn -0.3250 -0.3251 0.8881
vn -0.8881 -0.3251 0.3251
vn -0.3251 0.3251 -0.8881
vn -0.8881 0.3251 -0.3251
vn -0.3251 0.8881 -0.3251
vn -0.3250 0.3251 0.8881
vn -0.3251 0.8881 0.3251
vn -0.8881 0.3251 0.3251
vn 0.3251 -0.3251 -0.8881
vn 0.8881 -0.3250 -0.3251
vn 0.3251 -0.8881 -0.3251
vn 0.3250 -0.3251 0.8881
vn 0.3251 -0.8881 0.3251
vn 0.8881 -0.3251 0.3251
vn 0.3251 0.3251 -0.8881
vn 0.3251 0.8881 -0.3251
vn 0.8881 0.3250 -0.3251
vn 0.3250 0.3251 0.8881
vn 0.8881 0.3250 0.3251
vn 0.3251 0.8881 0.3251
vn -0.3827 0.0000 -0.9239
vn -0.9239 0.0000 -0.3827
vn -0.3827 -0.9239 0.0000
vn -0.9239 -0.3827 0.0000
vn -0.3827 0.0000 0.9239
vn -0.9239 0.0000 0.3827
vn -0.3827 0.9239 0.0000
vn -0.9239 0.3827 0.0000
vn 0.9239 0.3827 0.0000
vn 0.3827 0.9239 0.0000
vn 0.3827 0.0000 -0.9239
vn 0.9239 0.0000 -0.3827
vn 0.3827 0.0000 0.9239
vn 0.9239 0.0000 0.3827
vn 0.3827 -0.9239 0.0000
vn 0.9239 -0.3827 0.0000
s off
f 983/1354/820 989/1355/820 960/1356/820 954/1357/820
f 997/1358/821 1003/1359/821 990/1360/821 982/1361/821
f 1002/1362/820 974/1363/820 961/1364/820 988/1365/820
f 955/1366/822 962/1367/822 976/1368/822 968/1369/822
f 969/1370/820 975/1371/820 1004/1372/820 996/1373/820
f 953/1374/823 956/1375/823 957/1376/823 959/1377/823
f 954/1357/824 958/1378/824 957/1379/824 956/1380/824
f 955/1366/825 959/1381/825 957/1382/825 958/1383/825
f 960/1356/826 963/1384/826 964/1385/826 966/1386/826
f 961/1364/827 965/1387/827 964/1388/827 963/1389/827
f 962/1367/828 966/1390/828 964/1391/828 965/1392/828
f 967/1393/829 970/1394/829 971/1395/829 973/1396/829
f 968/1369/830 972/1397/830 971/1398/830 970/1399/830
f 969/1370/831 973/1400/831 971/1401/831 972/1402/831
f 974/1363/832 977/1403/832 978/1404/832 980/1405/832
f 975/1371/833 979/1406/833 978/1407/833 977/1408/833
f 976/1368/834 980/1409/834 978/1410/834 979/1406/834
f 981/1411/835 984/1412/835 985/1413/835 987/1414/835
f 982/1361/836 986/1415/836 985/1413/836 984/1412/836
f 983/1354/837 987/1416/837 985/1413/837 986/1417/837
f 988/1365/838 991/1418/838 992/1419/838 994/1420/838
f 989/1355/839 993/1421/839 992/1419/839 991/1422/839
f 990/1360/840 994/1420/840 992/1419/840 993/1421/840
f 995/1423/841 998/1424/841 999/1425/841 1001/1426/841
f 996/1373/842 1000/1427/842 999/1425/842 998/1428/842
f 997/1358/843 1001/1426/843 999/1425/843 1000/1429/843
f 1002/1362/844 1005/1430/844 1006/1431/844 1008/1432/844
f 1003/1359/845 1007/1433/845 1006/1431/845 1005/1430/845
f 1004/1372/846 1008/1434/846 1006/1431/846 1007/1433/846
f 967/1393/847 953/1374/847 959/1377/847 970/1394/847
f 970/1399/848 959/1381/848 955/1366/848 968/1369/848
f 954/1357/849 960/1356/849 966/1386/849 958/1378/849
f 958/1383/850 966/1390/850 962/1367/850 955/1366/850
f 961/1364/851 974/1363/851 980/1405/851 965/1387/851
f 965/1392/852 980/1409/852 976/1368/852 962/1367/852
f 975/1371/853 969/1370/853 972/1397/853 979/1406/853
f 979/1406/854 972/1397/854 968/1369/854 976/1368/854
f 995/1423/820 967/1393/820 973/1396/820 998/1424/820
f 998/1428/820 973/1400/820 969/1370/820 996/1373/820
f 974/1363/820 1002/1362/820 1008/1432/820 977/1403/820
f 977/1408/820 1008/1434/820 1004/1372/820 975/1371/820
f 1003/1359/855 997/1358/855 1000/1427/855 1007/1433/855
f 1007/1433/856 1000/1427/856 996/1373/856 1004/1372/856
f 981/1411/857 995/1423/857 1001/1426/857 984/1412/857
f 984/1412/858 1001/1426/858 997/1358/858 982/1361/858
f 1002/1362/859 988/1365/859 994/1420/859 1005/1430/859
f 1005/1430/860 994/1420/860 990/1360/860 1003/1359/860
f 989/1355/861 983/1354/861 986/1415/861 993/1421/861
f 993/1421/862 986/1415/862 982/1361/862 990/1360/862
f 953/1374/820 981/1411/820 987/1414/820 956/1375/820
f 956/1380/820 987/1416/820 983/1354/820 954/1357/820
f 988/1365/820 961/1364/820 963/1389/820 991/1418/820
f 991/1422/820 963/1384/820 960/1356/820 989/1355/820
f 967/1393/820 995/1423/820 981/1411/820 953/1374/820
o safety_fence_bar.010_Cube.025
v 0.900000 0.948500 0.150000
v 0.900000 0.942500 0.156000
v 0.894000 0.948500 0.156000
v 0.900000 0.944257 0.151757
v 0.896536 0.945036 0.152536
v 0.895757 0.944257 0.156000
v 0.895757 0.948500 0.151757
v 0.900000 0.942500 1.344000
v 0.900000 0.948500 1.350000
v 0.894000 0.948500 1.344000
v 0.900000 0.944257 1.348243
v 0.896536 0.945036 1.347464
v 0.895757 0.948500 1.348243
v 0.895757 0.944257 1.344000
v 0.900000 0.951500 0.150000
v 0.894000 0.951500 0.156000
v 0.900000 0.957500 0.156000
v 0.895757 0.951500 0.151757
v 0.896536 0.954964 0.152536
v 0.895757 0.955743 0.156000
v 0.900000 0.955743 0.151757
v 0.900000 0.951500 1.350000
v 0.900000 0.957500 1.344000
v 0.894000 0.951500 1.344000
v 0.900000 0.955743 1.348243
v 0.896536 0.954964 1.347464
v 0.895757 0.955743 1.344000
v 0.895757 0.951500 1.348243
v 0.900000 0.948500 0.150000
v 0.906000 0.948500 0.156000
v 0.900000 0.942500 0.156000
v 0.904243 0.948500 0.151757
v 0.903464 0.945036 0.152536
v 0.904243 0.944257 0.156000
v 0.900000 0.944257 0.151757
v 0.900000 0.948500 1.350000
v 0.900000 0.942500 1.344000
v 0.906000 0.948500 1.344000
v 0.900000 0.944257 1.348243
v 0.903464 0.945036 1.347464
v 0.904243 0.944257 1.344000
v 0.904243 0.948500 1.348243
v 0.900000 0.951500 0.150000
v 0.900000 0.957500 0.156000
v 0.906000 0.951500 0.156000
v 0.900000 0.955743 0.151757
v 0.903464 0.954964 0.152536
v 0.904243 0.955743 0.156000
v 0.904243 0.951500 0.151757
v 0.900000 0.951500 1.350000
v 0.906000 0.951500 1.344000
v 0.900000 0.957500 1.344000
v 0.904243 0.951500 1.348243
v 0.903464 0.954964 1.347464
v 0.904243 0.955743 1.344000
v 0.900000 0.955743 1.348243
vt 0.376250 0.875000
vt 0.623750 0.875000
vt 0.623750 0.875000
vt 0.376250 0.875000
vt 0.376250 0.600000
vt 0.623750 0.600000
vt 0.623750 0.650000
vt 0.376250 0.650000
vt 0.750000 0.600000
vt 0.750000 0.600000
vt 0.750000 0.650000
vt 0.750000 0.650000
vt 0.376250 0.100000
vt 0.623750 0.100000
vt 0.623750 0.150000
vt 0.376250 0.150000
vt 0.376250 0.375000
vt 0.623750 0.375000
vt 0.623750 0.375000
vt 0.376250 0.375000
vt 0.250000 0.650000
vt 0.250000 0.750000
vt 0.177831 0.750000
vt 0.125000 0.650000
vt 0.376250 1.000000
vt 0.375528 1.000000
vt 0.375000 0.875000
vt 0.375000 0.100000
vt 0.375000 0.042265
vt 0.376250 0.000000
vt 0.625000 0.875000
vt 0.625000 0.947169
vt 0.623750 1.000000
vt 0.875000 0.650000
vt 0.875000 0.707735
vt 0.750000 0.750000
vt 0.623750 0.000000
vt 0.624472 0.000000
vt 0.625000 0.100000
vt 0.250000 0.600000
vt 0.125000 0.600000
vt 0.125000 0.542265
vt 0.250000 0.500000
vt 0.376250 0.250000
vt 0.375528 0.250000
vt 0.375000 0.150000
vt 0.375000 0.375000
vt 0.375000 0.302831
vt 0.376250 0.250000
vt 0.750000 0.500000
vt 0.822169 0.500000
vt 0.875000 0.600000
vt 0.623750 0.250000
vt 0.624472 0.250000
vt 0.625000 0.375000
vt 0.625000 0.150000
vt 0.625000 0.207735
vt 0.250000 0.650000
vt 0.375000 0.650000
vt 0.375176 0.753522
vt 0.250000 0.750000
vt 0.376250 0.750000
vt 0.375000 0.875000
vt 0.376250 0.750000
vt 0.750000 0.750000
vt 0.642434 0.735912
vt 0.625000 0.650000
vt 0.623750 0.750000
vt 0.625000 0.875000
vt 0.250000 0.600000
vt 0.250000 0.500000
vt 0.357566 0.514088
vt 0.375000 0.600000
vt 0.376250 0.500000
vt 0.375000 0.375000
vt 0.376250 0.500000
vt 0.625000 0.600000
vt 0.624824 0.496478
vt 0.750000 0.500000
vt 0.623750 0.500000
vt 0.625000 0.375000
vn 0.0000 0.0000 1.0000
vn 1.0000 0.0000 0.0000
vn -1.0000 0.0000 0.0000
vn -0.3251 -0.3251 -0.8881
vn -0.3251 -0.8881 -0.3251
vn -0.8881 -0.3251 -0.3251
vn -0.3251 -0.8881 0.3251
vn -0.3250 -0.3251 0.8881
vn -0.8881 -0.3251 0.3251
vn -0.3251 0.3251 -0.8881
vn -0.8881 0.3251 -0.3251
vn -0.3251 0.8881 -0.3251
vn -0.3250 0.3251 0.8881
vn -0.3251 0.8881 0.3251
vn -0.8881 0.3251 0.3251
vn 0.3251 -0.3251 -0.8881
vn 0.8881 -0.3251 -0.3251
vn 0.3251 -0.8881 -0.3251
vn 0.3250 -0.3251 0.8881
vn 0.3251 -0.8881 0.3251
vn 0.8881 -0.3251 0.3251
vn 0.3251 0.3251 -0.8881
vn 0.3251 0.8881 -0.3251
vn 0.8881 0.3251 -0.3251
vn 0.3250 0.3251 0.8881
vn 0.8881 0.3251 0.3251
vn 0.3251 0.8881 0.3251
vn -0.3827 0.0000 -0.9239
vn -0.9239 0.0000 -0.3827
vn -0.3827 -0.9239 0.0000
vn -0.9239 -0.3827 0.0000
vn -0.3827 0.0000 0.9239
vn -0.9239 0.0000 0.3827
vn -0.3827 0.9239 0.0000
vn -0.9239 0.3827 0.0000
vn 0.9239 0.3827 0.0000
vn 0.3827 0.9239 0.0000
vn 0.3827 0.0000 -0.9239
vn 0.9239 0.0000 -0.3827
vn 0.3827 0.0000 0.9239
vn 0.9239 0.0000 0.3827
vn 0.3827 -0.9239 0.0000
vn 0.9239 -0.3827 0.0000
s off
f 1039/1435/863 1045/1436/863 1016/1437/863 1010/1438/863
f 1053/1439/864 1059/1440/864 1046/1441/864 1038/1442/864
f 1058/1443/863 1030/1444/863 1017/1445/863 1044/1446/863
f 1011/1447/865 1018/1448/865 1032/1449/865 1024/1450/865
f 1025/1451/863 1031/1452/863 1060/1453/863 1052/1454/863
f 1009/1455/866 1012/1456/866 1013/1457/866 1015/1458/866
f 1010/1438/867 1014/1459/867 1013/1460/867 1012/1461/867
f 1011/1447/868 1015/1462/868 1013/1463/868 1014/1464/868
f 1016/1437/869 1019/1465/869 1020/1466/869 1022/1467/869
f 1017/1445/870 1021/1468/870 1020/1469/870 1019/1470/870
f 1018/1448/871 1022/1471/871 1020/1472/871 1021/1473/871
f 1023/1474/872 1026/1475/872 1027/1476/872 1029/1477/872
f 1024/1450/873 1028/1478/873 1027/1479/873 1026/1480/873
f 1025/1451/874 1029/1481/874 1027/1482/874 1028/1483/874
f 1030/1444/875 1033/1484/875 1034/1485/875 1036/1486/875
f 1031/1452/876 1035/1487/876 1034/1488/876 1033/1489/876
f 1032/1449/877 1036/1490/877 1034/1491/877 1035/1487/877
f 1037/1492/878 1040/1493/878 1041/1494/878 1043/1495/878
f 1038/1442/879 1042/1496/879 1041/1494/879 1040/1493/879
f 1039/1435/880 1043/1497/880 1041/1494/880 1042/1498/880
f 1044/1446/881 1047/1499/881 1048/1500/881 1050/1501/881
f 1045/1436/882 1049/1502/882 1048/1500/882 1047/1503/882
f 1046/1441/883 1050/1501/883 1048/1500/883 1049/1502/883
f 1051/1504/884 1054/1505/884 1055/1506/884 1057/1507/884
f 1052/1454/885 1056/1508/885 1055/1506/885 1054/1509/885
f 1053/1439/886 1057/1507/886 1055/1506/886 1056/1510/886
f 1058/1443/887 1061/1511/887 1062/1512/887 1064/1513/887
f 1059/1440/888 1063/1514/888 1062/1512/888 1061/1511/888
f 1060/1453/889 1064/1515/889 1062/1512/889 1063/1514/889
f 1023/1474/890 1009/1455/890 1015/1458/890 1026/1475/890
f 1026/1480/891 1015/1462/891 1011/1447/891 1024/1450/891
f 1010/1438/892 1016/1437/892 1022/1467/892 1014/1459/892
f 1014/1464/893 1022/1471/893 1018/1448/893 1011/1447/893
f 1017/1445/894 1030/1444/894 1036/1486/894 1021/1468/894
f 1021/1473/895 1036/1490/895 1032/1449/895 1018/1448/895
f 1031/1452/896 1025/1451/896 1028/1478/896 1035/1487/896
f 1035/1487/897 1028/1478/897 1024/1450/897 1032/1449/897
f 1051/1504/863 1023/1474/863 1029/1477/863 1054/1505/863
f 1054/1509/863 1029/1481/863 1025/1451/863 1052/1454/863
f 1030/1444/863 1058/1443/863 1064/1513/863 1033/1484/863
f 1033/1489/863 1064/1515/863 1060/1453/863 1031/1452/863
f 1059/1440/898 1053/1439/898 1056/1508/898 1063/1514/898
f 1063/1514/899 1056/1508/899 1052/1454/899 1060/1453/899
f 1037/1492/900 1051/1504/900 1057/1507/900 1040/1493/900
f 1040/1493/901 1057/1507/901 1053/1439/901 1038/1442/901
f 1058/1443/902 1044/1446/902 1050/1501/902 1061/1511/902
f 1061/1511/903 1050/1501/903 1046/1441/903 1059/1440/903
f 1045/1436/904 1039/1435/904 1042/1496/904 1049/1502/904
f 1049/1502/905 1042/1496/905 1038/1442/905 1046/1441/905
f 1009/1455/863 1037/1492/863 1043/1495/863 1012/1456/863
f 1012/1461/863 1043/1497/863 1039/1435/863 1010/1438/863
f 1044/1446/863 1017/1445/863 1019/1470/863 1047/1499/863
f 1047/1503/863 1019/1465/863 1016/1437/863 1045/1436/863
f 1023/1474/863 1051/1504/863 1037/1492/863 1009/1455/863
o safety_fence_bar.011_Cube.026
v 1.100000 0.948500 0.150000
v 1.100000 0.942500 0.156000
v 1.094000 0.948500 0.156000
v 1.100000 0.944257 0.151757
v 1.096536 0.945036 0.152536
v 1.095757 0.944257 0.156000
v 1.095757 0.948500 0.151757
v 1.100000 0.942500 1.344000
v 1.100000 0.948500 1.350000
v 1.094000 0.948500 1.344000
v 1.100000 0.944257 1.348243
v 1.096536 0.945036 1.347464
v 1.095757 0.948500 1.348243
v 1.095757 0.944257 1.344000
v 1.100000 0.951500 0.150000
v 1.094000 0.951500 0.156000
v 1.100000 0.957500 0.156000
v 1.095757 0.951500 0.151757
v 1.096536 0.954964 0.152536
v 1.095757 0.955743 0.156000
v 1.100000 0.955743 0.151757
v 1.100000 0.951500 1.350000
v 1.100000 0.957500 1.344000
v 1.094000 0.951500 1.344000
v 1.100000 0.955743 1.348243
v 1.096536 0.954964 1.347464
v 1.095757 0.955743 1.344000
v 1.095757 0.951500 1.348243
v 1.100000 0.948500 0.150000
v 1.106000 0.948500 0.156000
v 1.100000 0.942500 0.156000
v 1.104243 0.948500 0.151757
v 1.103464 0.945036 0.152536
v 1.104243 0.944257 0.156000
v 1.100000 0.944257 0.151757
v 1.100000 0.948500 1.350000
v 1.100000 0.942500 1.344000
v 1.106000 0.948500 1.344000
v 1.100000 0.944257 1.348243
v 1.103464 0.945036 1.347464
v 1.104243 0.944257 1.344000
v 1.104243 0.948500 1.348243
v 1.100000 0.951500 0.150000
v 1.100000 0.957500 0.156000
v 1.106000 0.951500 0.156000
v 1.100000 0.955743 0.151757
v 1.103464 0.954964 0.152536
v 1.104243 0.955743 0.156000
v 1.104243 0.951500 0.151757
v 1.100000 0.951500 1.350000
v 1.106000 0.951500 1.344000
v 1.100000 0.957500 1.344000
v 1.104243 0.951500 1.348243
v 1.103464 0.954964 1.347464
v 1.104243 0.955743 1.344000
v 1.100000 0.955743 1.348243
vt 0.376250 0.875000
vt 0.623750 0.875000
vt 0.623750 0.875000
vt 0.376250 0.875000
vt 0.376250 0.600000
vt 0.623750 0.600000
vt 0.623750 0.650000
vt 0.376250 0.650000
vt 0.750000 0.600000
vt 0.750000 0.600000
vt 0.750000 0.650000
vt 0.750000 0.650000
vt 0.376250 0.100000
vt 0.623750 0.100000
vt 0.623750 0.150000
vt 0.376250 0.150000
vt 0.376250 0.375000
vt 0.623750 0.375000
vt 0.623750 0.375000
vt 0.376250 0.375000
vt 0.250000 0.650000
vt 0.250000 0.750000
vt 0.177831 0.750000
vt 0.125000 0.650000
vt 0.376250 1.000000
vt 0.375528 1.000000
vt 0.375000 0.875000
vt 0.375000 0.100000
vt 0.375000 0.042265
vt 0.376250 0.000000
vt 0.625000 0.875000
vt 0.625000 0.947169
vt 0.623750 1.000000
vt 0.875000 0.650000
vt 0.875000 0.707735
vt 0.750000 0.750000
vt 0.623750 0.000000
vt 0.624472 0.000000
vt 0.625000 0.100000
vt 0.250000 0.600000
vt 0.125000 0.600000
vt 0.125000 0.542265
vt 0.250000 0.500000
vt 0.376250 0.250000
vt 0.375528 0.250000
vt 0.375000 0.150000
vt 0.375000 0.375000
vt 0.375000 0.302831
vt 0.376250 0.250000
vt 0.750000 0.500000
vt 0.822169 0.500000
vt 0.875000 0.600000
vt 0.623750 0.250000
vt 0.624472 0.250000
vt 0.625000 0.375000
vt 0.625000 0.150000
vt 0.625000 0.207735
vt 0.250000 0.650000
vt 0.375000 0.650000
vt 0.375176 0.753522
vt 0.250000 0.750000
vt 0.376250 0.750000
vt 0.375000 0.875000
vt 0.376250 0.750000
vt 0.750000 0.750000
vt 0.642434 0.735912
vt 0.625000 0.650000
vt 0.623750 0.750000
vt 0.625000 0.875000
vt 0.250000 0.600000
vt 0.250000 0.500000
vt 0.357566 0.514088
vt 0.375000 0.600000
vt 0.376250 0.500000
vt 0.375000 0.375000
vt 0.376250 0.500000
vt 0.625000 0.600000
vt 0.624824 0.496478
vt 0.750000 0.500000
vt 0.623750 0.500000
vt 0.625000 0.375000
vn 0.0000 0.0000 1.0000
vn 1.0000 0.0000 0.0000
vn -1.0000 0.0000 0.0000
vn -0.3251 -0.3251 -0.8881
vn -0.3251 -0.8881 -0.3251
vn -0.8881 -0.3250 -0.3251
vn -0.3250 -0.8881 0.3251
vn -0.3250 -0.3251 0.8881
vn -0.8881 -0.3250 0.3251
vn -0.3251 0.3251 -0.8881
vn -0.8881 0.3251 -0.3251
vn -0.3251 0.8881 -0.3251
vn -0.3250 0.3251 0.8881
vn -0.3250 0.8881 0.3251
vn -0.8881 0.3251 0.3251
vn 0.3251 -0.3251 -0.8881
vn 0.8881 -0.3251 -0.3251
vn 0.3250 -0.8881 -0.3250
vn 0.3250 -0.3251 0.8881
vn 0.3251 -0.8881 0.3251
vn 0.8881 -0.3250 0.3251
vn 0.3251 0.3251 -0.8881
vn 0.3250 0.8881 -0.3250
vn 0.8881 0.3251 -0.3251
vn 0.3250 0.3251 0.8881
vn 0.8881 0.3250 0.3251
vn 0.3251 0.8881 0.3251
vn -0.3827 0.0000 -0.9239
vn -0.9239 0.0000 -0.3827
vn -0.3827 -0.9239 0.0000
vn -0.9239 -0.3827 0.0000
vn -0.3827 0.0000 0.9239
vn -0.9239 0.0000 0.3827
vn -0.3827 0.9239 0.0000
vn -0.9239 0.3827 0.0000
vn 0.9239 0.3827 0.0000
vn 0.3827 0.9239 0.0000
vn 0.3827 0.0000 -0.9239
vn 0.9239 0.0000 -0.3827
vn 0.3827 0.0000 0.9239
vn 0.9239 0.0000 0.3827
vn 0.3827 -0.9239 0.0000
vn 0.9239 -0.3827 0.0000
s off
f 1095/1516/906 1101/1517/906 1072/1518/906 1066/1519/906
f 1109/1520/907 1115/1521/907 1102/1522/907 1094/1523/907
f 1114/1524/906 1086/1525/906 1073/1526/906 1100/1527/906
f 1067/1528/908 1074/1529/908 1088/1530/908 1080/1531/908
f 1081/1532/906 1087/1533/906 1116/1534/906 1108/1535/906
f 1065/1536/909 1068/1537/909 1069/1538/909 1071/1539/909
f 1066/1519/910 1070/1540/910 1069/1541/910 1068/1542/910
f 1067/1528/911 1071/1543/911 1069/1544/911 1070/1545/911
f 1072/1518/912 1075/1546/912 1076/1547/912 1078/1548/912
f 1073/1526/913 1077/1549/913 1076/1550/913 1075/1551/913
f 1074/1529/914 1078/1552/914 1076/1553/914 1077/1554/914
f 1079/1555/915 1082/1556/915 1083/1557/915 1085/1558/915
f 1080/1531/916 1084/1559/916 1083/1560/916 1082/1561/916
f 1081/1532/917 1085/1562/917 1083/1563/917 1084/1564/917
f 1086/1525/918 1089/1565/918 1090/1566/918 1092/1567/918
f 1087/1533/919 1091/1568/919 1090/1569/919 1089/1570/919
f 1088/1530/920 1092/1571/920 1090/1572/920 1091/1568/920
f 1093/1573/921 1096/1574/921 1097/1575/921 1099/1576/921
f 1094/1523/922 1098/1577/922 1097/1575/922 1096/1574/922
f 1095/1516/923 1099/1578/923 1097/1575/923 1098/1579/923
f 1100/1527/924 1103/1580/924 1104/1581/924 1106/1582/924
f 1101/1517/925 1105/1583/925 1104/1581/925 1103/1584/925
f 1102/1522/926 1106/1582/926 1104/1581/926 1105/1583/926
f 1107/1585/927 1110/1586/927 1111/1587/927 1113/1588/927
f 1108/1535/928 1112/1589/928 1111/1587/928 1110/1590/928
f 1109/1520/929 1113/1588/929 1111/1587/929 1112/1591/929
f 1114/1524/930 1117/1592/930 1118/1593/930 1120/1594/930
f 1115/1521/931 1119/1595/931 1118/1593/931 1117/1592/931
f 1116/1534/932 1120/1596/932 1118/1593/932 1119/1595/932
f 1079/1555/933 1065/1536/933 1071/1539/933 1082/1556/933
f 1082/1561/934 1071/1543/934 1067/1528/934 1080/1531/934
f 1066/1519/935 1072/1518/935 1078/1548/935 1070/1540/935
f 1070/1545/936 1078/1552/936 1074/1529/936 1067/1528/936
f 1073/1526/937 1086/1525/937 1092/1567/937 1077/1549/937
f 1077/1554/938 1092/1571/938 1088/1530/938 1074/1529/938
f 1087/1533/939 1081/1532/939 1084/1559/939 1091/1568/939
f 1091/1568/940 1084/1559/940 1080/1531/940 1088/1530/940
f 1107/1585/906 1079/1555/906 1085/1558/906 1110/1586/906
f 1110/1590/906 1085/1562/906 1081/1532/906 1108/1535/906
f 1086/1525/906 1114/1524/906 1120/1594/906 1089/1565/906
f 1089/1570/906 1120/1596/906 1116/1534/906 1087/1533/906
f 1115/1521/941 1109/1520/941 1112/1589/941 1119/1595/941
f 1119/1595/942 1112/1589/942 1108/1535/942 1116/1534/942
f 1093/1573/943 1107/1585/943 1113/1588/943 1096/1574/943
f 1096/1574/944 1113/1588/944 1109/1520/944 1094/1523/944
f 1114/1524/945 1100/1527/945 1106/1582/945 1117/1592/945
f 1117/1592/946 1106/1582/946 1102/1522/946 1115/1521/946
f 1101/1517/947 1095/1516/947 1098/1577/947 1105/1583/947
f 1105/1583/948 1098/1577/948 1094/1523/948 1102/1522/948
f 1065/1536/906 1093/1573/906 1099/1576/906 1068/1537/906
f 1068/1542/906 1099/1578/906 1095/1516/906 1066/1519/906
f 1100/1527/906 1073/1526/906 1075/1551/906 1103/1580/906
f 1103/1584/906 1075/1546/906 1072/1518/906 1101/1517/906
f 1079/1555/906 1107/1585/906 1093/1573/906 1065/1536/906
o cabinet_handle_Cube.028
v -0.877000 -0.722000 0.560000
v -0.877000 -0.730000 0.568000
v -0.885000 -0.722000 0.568000
v -0.877000 -0.727657 0.562343
v -0.881619 -0.726619 0.563381
v -0.882657 -0.727657 0.568000
v -0.882657 -0.722000 0.562343
v -0.877000 -0.730000 0.732000
v -0.877000 -0.722000 0.740000
v -0.885000 -0.722000 0.732000
v -0.877000 -0.727657 0.737657
v -0.881619 -0.726619 0.736619
v -0.882657 -0.722000 0.737657
v -0.882657 -0.727657 0.732000
v -0.877000 -0.718000 0.560000
v -0.885000 -0.718000 0.568000
v -0.877000 -0.710000 0.568000
v -0.882657 -0.718000 0.562343
v -0.881619 -0.713381 0.563381
v -0.882657 -0.712343 0.568000
v -0.877000 -0.712343 0.562343
v -0.877000 -0.718000 0.740000
v -0.877000 -0.710000 0.732000
v -0.885000 -0.718000 0.732000
v -0.877000 -0.712343 0.737657
v -0.881619 -0.713381 0.736619
v -0.882657 -0.712343 0.732000
v -0.882657 -0.718000 0.737657
v -0.873000 -0.722000 0.560000
v -0.865000 -0.722000 0.568000
v -0.873000 -0.730000 0.568000
v -0.867343 -0.722000 0.562343
v -0.868381 -0.726619 0.563381
v -0.867343 -0.727657 0.568000
v -0.873000 -0.727657 0.562343
v -0.873000 -0.722000 0.740000
v -0.873000 -0.730000 0.732000
v -0.865000 -0.722000 0.732000
v -0.873000 -0.727657 0.737657
v -0.868381 -0.726619 0.736619
v -0.867343 -0.727657 0.732000
v -0.867343 -0.722000 0.737657
v -0.873000 -0.718000 0.560000
v -0.873000 -0.710000 0.568000
v -0.865000 -0.718000 0.568000
v -0.873000 -0.712343 0.562343
v -0.868381 -0.713381 0.563381
v -0.867343 -0.712343 0.568000
v -0.867343 -0.718000 0.562343
v -0.873000 -0.718000 0.740000
v -0.865000 -0.718000 0.732000
v -0.873000 -0.710000 0.732000
v -0.867343 -0.718000 0.737657
v -0.868381 -0.713381 0.736619
v -0.867343 -0.712343 0.732000
v -0.873000 -0.712343 0.737657
vt 0.386111 0.850000
vt 0.613889 0.850000
vt 0.613889 0.900000
vt 0.386111 0.900000
vt 0.386111 0.600000
vt 0.613889 0.600000
vt 0.613889 0.650000
vt 0.386111 0.650000
vt 0.725000 0.600000
vt 0.775000 0.600000
vt 0.775000 0.650000
vt 0.725000 0.650000
vt 0.386111 0.100000
vt 0.613889 0.100000
vt 0.613889 0.150000
vt 0.386111 0.150000
vt 0.386111 0.350000
vt 0.613889 0.350000
vt 0.613889 0.400000
vt 0.386111 0.400000
vt 0.225000 0.650000
vt 0.225000 0.750000
vt 0.167265 0.750000
vt 0.125000 0.650000
vt 0.386111 1.000000
vt 0.379696 1.000000
vt 0.375000 0.900000
vt 0.375000 0.100000
vt 0.375000 0.042265
vt 0.386111 0.000000
vt 0.625000 0.900000
vt 0.625000 0.957735
vt 0.613889 1.000000
vt 0.875000 0.650000
vt 0.875000 0.707735
vt 0.775000 0.750000
vt 0.613889 0.000000
vt 0.620304 0.000000
vt 0.625000 0.100000
vt 0.225000 0.600000
vt 0.125000 0.600000
vt 0.125000 0.542265
vt 0.225000 0.500000
vt 0.386111 0.250000
vt 0.379696 0.250000
vt 0.375000 0.150000
vt 0.375000 0.350000
vt 0.375000 0.292265
vt 0.775000 0.500000
vt 0.832735 0.500000
vt 0.875000 0.600000
vt 0.613889 0.250000
vt 0.620304 0.250000
vt 0.625000 0.350000
vt 0.625000 0.150000
vt 0.625000 0.207735
vt 0.275000 0.650000
vt 0.375000 0.650000
vt 0.376565 0.750000
vt 0.275000 0.750000
vt 0.386111 0.750000
vt 0.375000 0.850000
vt 0.725000 0.750000
vt 0.637523 0.735912
vt 0.625000 0.650000
vt 0.613889 0.750000
vt 0.625000 0.850000
vt 0.275000 0.600000
vt 0.275000 0.500000
vt 0.362477 0.514088
vt 0.375000 0.600000
vt 0.386111 0.500000
vt 0.375000 0.400000
vt 0.625000 0.600000
vt 0.623435 0.500000
vt 0.725000 0.500000
vt 0.613889 0.500000
vt 0.625000 0.400000
vn 0.0000 -1.0000 0.0000
vn 1.0000 0.0000 0.0000
vn 0.0000 0.0000 1.0000
vn -1.0000 0.0000 0.0000
vn 0.0000 1.0000 0.0000
vn -0.3251 -0.3251 -0.8881
vn -0.3251 -0.8881 -0.3251
vn -0.8881 -0.3251 -0.3251
vn -0.3251 -0.8881 0.3251
vn -0.3251 -0.3251 0.8881
vn -0.8881 -0.3251 0.3251
vn -0.3251 0.3251 -0.8881
vn -0.8881 0.3251 -0.3251
vn -0.3251 0.8881 -0.3251
vn -0.3251 0.3251 0.8881
vn -0.3251 0.8881 0.3251
vn -0.8881 0.3251 0.3251
vn 0.3251 -0.3251 -0.8881
vn 0.8881 -0.3251 -0.3251
vn 0.3251 -0.8881 -0.3251
vn 0.3251 -0.3251 0.8881
vn 0.3251 -0.8881 0.3251
vn 0.8881 -0.3251 0.3251
vn 0.3251 0.3251 -0.8881
vn 0.3251 0.8881 -0.3251
vn 0.8881 0.3251 -0.3251
vn 0.3251 0.3251 0.8881
vn 0.8881 0.3251 0.3251
vn 0.3251 0.8881 0.3251
vn -0.3827 0.0000 -0.9239
vn -0.9239 0.0000 -0.3827
vn -0.3827 -0.9239 0.0000
vn -0.9239 -0.3827 0.0000
vn -0.3827 0.0000 0.9239
vn -0.9239 0.0000 0.3827
vn -0.3827 0.9239 0.0000
vn -0.9239 0.3827 0.0000
vn 0.0000 0.3827 -0.9239
vn 0.0000 0.9239 -0.3827
vn 0.0000 0.3827 0.9239
vn 0.0000 0.9239 0.3827
vn 0.9239 0.3827 0.0000
vn 0.3827 0.9239 0.0000
vn 0.3827 0.0000 -0.9239
vn 0.9239 0.0000 -0.3827
vn 0.3827 0.0000 0.9239
vn 0.9239 0.0000 0.3827
vn 0.3827 -0.9239 0.0000
vn 0.9239 -0.3827 0.0000
vn 0.0000 -0.3827 -0.9239
vn 0.0000 -0.9239 -0.3827
vn 0.0000 -0.3827 0.9239
vn 0.0000 -0.9239 0.3827
vn 0.0000 0.0000 -1.0000
s off
f 1151/1597/949 1157/1598/949 1128/1599/949 1122/1600/949
f 1165/1601/950 1171/1602/950 1158/1603/950 1150/1604/950
f 1170/1605/951 1142/1606/951 1129/1607/951 1156/1608/951
f 1123/1609/952 1130/1610/952 1144/1611/952 1136/1612/952
f 1137/1613/953 1143/1614/953 1172/1615/953 1164/1616/953
f 1121/1617/954 1124/1618/954 1125/1619/954 1127/1620/954
f 1122/1600/955 1126/1621/955 1125/1622/955 1124/1623/955
f 1123/1609/956 1127/1624/956 1125/1625/956 1126/1626/956
f 1128/1599/957 1131/1627/957 1132/1628/957 1134/1629/957
f 1129/1607/958 1133/1630/958 1132/1631/958 1131/1632/958
f 1130/1610/959 1134/1633/959 1132/1634/959 1133/1635/959
f 1135/1636/960 1138/1637/960 1139/1638/960 1141/1639/960
f 1136/1612/961 1140/1640/961 1139/1641/961 1138/1642/961
f 1137/1613/962 1141/1643/962 1139/1644/962 1140/1640/962
f 1142/1606/963 1145/1645/963 1146/1646/963 1148/1647/963
f 1143/1614/964 1147/1648/964 1146/1649/964 1145/1650/964
f 1144/1611/965 1148/1651/965 1146/1652/965 1147/1648/965
f 1149/1653/966 1152/1654/966 1153/1655/966 1155/1656/966
f 1150/1604/967 1154/1657/967 1153/1655/967 1152/1654/967
f 1151/1597/968 1155/1658/968 1153/1655/968 1154/1657/968
f 1156/1608/969 1159/1659/969 1160/1660/969 1162/1661/969
f 1157/1598/970 1161/1662/970 1160/1660/970 1159/1663/970
f 1158/1603/971 1162/1661/971 1160/1660/971 1161/1662/971
f 1163/1664/972 1166/1665/972 1167/1666/972 1169/1667/972
f 1164/1616/973 1168/1668/973 1167/1666/973 1166/1669/973
f 1165/1601/974 1169/1667/974 1167/1666/974 1168/1668/974
f 1170/1605/975 1173/1670/975 1174/1671/975 1176/1672/975
f 1171/1602/976 1175/1673/976 1174/1671/976 1173/1670/976
f 1172/1615/977 1176/1674/977 1174/1671/977 1175/1673/977
f 1135/1636/978 1121/1617/978 1127/1620/978 1138/1637/978
f 1138/1642/979 1127/1624/979 1123/1609/979 1136/1612/979
f 1122/1600/980 1128/1599/980 1134/1629/980 1126/1621/980
f 1126/1626/981 1134/1633/981 1130/1610/981 1123/1609/981
f 1129/1607/982 1142/1606/982 1148/1647/982 1133/1630/982
f 1133/1635/983 1148/1651/983 1144/1611/983 1130/1610/983
f 1143/1614/984 1137/1613/984 1140/1640/984 1147/1648/984
f 1147/1648/985 1140/1640/985 1136/1612/985 1144/1611/985
f 1163/1664/986 1135/1636/986 1141/1639/986 1166/1665/986
f 1166/1669/987 1141/1643/987 1137/1613/987 1164/1616/987
f 1142/1606/988 1170/1605/988 1176/1672/988 1145/1645/988
f 1145/1650/989 1176/1674/989 1172/1615/989 1143/1614/989
f 1171/1602/990 1165/1601/990 1168/1668/990 1175/1673/990
f 1175/1673/991 1168/1668/991 1164/1616/991 1172/1615/991
f 1149/1653/992 1163/1664/992 1169/1667/992 1152/1654/992
f 1152/1654/993 1169/1667/993 1165/1601/993 1150/1604/993
f 1170/1605/994 1156/1608/994 1162/1661/994 1173/1670/994
f 1173/1670/995 1162/1661/995 1158/1603/995 1171/1602/995
f 1157/1598/996 1151/1597/996 1154/1657/996 1161/1662/996
f 1161/1662/997 1154/1657/997 1150/1604/997 1158/1603/997
f 1121/1617/998 1149/1653/998 1155/1656/998 1124/1618/998
f 1124/1623/999 1155/1658/999 1151/1597/999 1122/1600/999
f 1156/1608/1000 1129/1607/1000 1131/1632/1000 1159/1659/1000
f 1159/1663/1001 1131/1627/1001 1128/1599/1001 1157/1598/1001
f 1135/1636/1002 1163/1664/1002 1149/1653/1002 1121/1617/1002
